13,2.293048916,2.286398394,2.286398394
111,2.294060893,2.294060893,2.294060893
225,2.286398394,2.286398394,2.286398394
18,4.970054537,3.842651998,4.762599679
477,2.286398394,2.286398394,2.286398394
3948,2.302210538,2.302210538,2.302210538
3990,2.286398394,2.286398394,2.286398394
9942,3.91728364,3.75716105,2.29607983
9942,3.02530637,2.381299401,2.405250494
374907,4.142088975,3.627945902,3.103751314
43,2.286398394,2.286398394,2.286398394
43,2.286398394,2.286398394,2.286398394
107,2.289979516,2.289979516,2.290343149
126,2.286398394,2.396467785,2.286398394
212,2.286398394,2.286398394,2.286398394
222,2.286398394,2.310699979,2.286398394
314,2.30462885,2.30462885,2.30462885
443,2.286398394,2.286398394,2.286398394
478,2.286398394,2.340560746,2.331963884
534,2.415097433,2.286398394,2.286398394
761,2.286398394,2.286398394,2.286398394
954,2.286398394,2.286398394,2.286398394
1036,2.304566802,2.286398394,2.286398394
1160,2.286398394,2.286398394,2.286398394
1543,2.286398394,2.286398394,2.286398394
1576,2.286398394,2.286398394,2.289846717
1588,2.286398394,2.286398394,2.286398394
1607,2.286398394,2.286398394,2.286398394
2583,2.286398394,2.286398394,2.286398394
2877,2.287366995,2.286398394,2.286398394
2974,2.396515295,2.286398394,2.286398394
2977,2.286398394,2.286398394,2.286398394
3034,2.286398394,2.428182444,4.018463969
3242,2.58149786,2.718818669,2.514238608
3291,2.286398394,2.286398394,2.286398394
3706,2.286398394,2.286398394,2.286398394
4051,2.286398394,2.286398394,3.703329977
4143,2.286398394,2.286398394,2.286398394
5136,2.286398394,2.286398394,2.286398394
5136,2.286398394,2.286398394,2.318368972
5136,2.306431014,2.286398394,2.323382982
5137,2.286398394,2.286398394,2.286398394
5137,2.286398394,2.286398394,2.286398394
5137,2.294755449,2.294755449,2.294755449
5138,2.286398394,2.286398394,2.286398394
5139,2.286398394,2.286398394,2.286398394
5140,5.878902647,5.971914029,7.374072927
5148,2.323885453,2.476678519,2.323885453
5320,2.30371202,2.350235966,2.30371202
5330,5.965182657,4.170208068,4.414283217
5837,2.286398394,2.303298641,2.286398394
6507,3.447370263,2.564401457,4.986185456
6511,2.286398394,2.286398394,2.286398394
6565,5.101562298,5.451479012,6.749108186
6570,2.286398394,2.286398394,2.286398394
6572,2.286398394,2.286398394,2.286398394
6578,2.310054263,2.310054263,2.661800828
6649,2.286853542,2.286853542,2.286853542
6916,5.310629679,5.27114581,3.342914433
7054,2.286398394,2.286398394,2.28896892
8309,2.339784169,2.333810606,2.334333752
8399,2.356110509,2.356110509,2.356110509
8424,2.286398394,2.286398394,2.286398394
8528,2.716213137,2.391750965,2.342224904
8529,2.660808117,2.286398394,3.213943303
8534,2.286398394,2.286398394,2.286398394
8613,2.286398394,2.286398394,3.233765838
8613,3.276113905,3.276113905,3.276113905
8613,3.161450233,3.166795454,2.286398394
9162,2.286398394,2.286398394,2.286398394
9227,2.286398394,2.286398394,2.309115792
9420,2.286398394,2.286398394,2.286398394
9468,2.286398394,2.286398394,2.286398394
9498,2.308181046,2.308181046,2.429707302
9498,2.286398394,2.286398394,2.286398394
10157,2.479965976,2.333191426,2.479965976
10157,2.286398394,2.286453834,2.286453834
10331,2.297983145,2.301911954,2.301911954
10568,2.286398394,2.286398394,2.286398394
10599,2.286398394,2.286398394,2.37403812
27087,2.286398394,2.286398394,2.286398394
27124,2.771120052,2.329183515,2.329183515
50940,2.286398394,2.286398394,2.286398394
55808,2.286398394,2.286398394,2.286398394
56301,2.286398394,2.286398394,2.286398394
56548,5.129593269,4.658450863,2.93129505
64849,2.301088305,2.301088305,2.309455663
80704,2.304394629,2.304394629,2.304394629
83733,2.286398394,2.286398394,2.286398394
89874,2.286398394,2.286398394,2.286398394
115111,2.286398394,2.286398394,2.286398394
166012,2.486183716,3.578876855,2.286398394
196883,2.462087489,2.543666295,2.286398394
200010,2.286398394,2.389625558,2.286398394
222537,2.304450959,2.407420542,2.304450959
245972,2.286398394,2.286398394,2.286398394
245972,2.286398394,2.286398394,2.286398394
245972,2.286398394,2.286398394,2.286398394
266722,2.286398394,2.286398394,2.286398394
337876,2.313368481,2.304549575,2.304549575
55,3.710580744,4.221588565,4.069925117
2326,2.286398394,2.286398394,2.286398394
2328,2.286398394,2.286398394,2.286398394
2329,2.299057945,2.314883071,2.317627772
2330,2.57941469,2.286398394,2.286398394
23205,2.286398394,2.286398394,2.286398394
25830,2.286398394,2.286398394,2.286398394
126410,2.286398394,2.286398394,2.286398394
196951,2.598379113,2.286398394,2.286398394
199974,2.286398394,2.286398394,2.286398394
260293,2.323181495,2.286398394,2.287388837
5293,9.36763323,9.203902974,8.940339854
5321,7.842891918,7.64641253,6.902003492
9388,2.381556524,2.286398394,2.286398394
30815,2.324221589,2.324221589,2.479145367
2053,2.286398394,2.333823447,2.286398394
4139,2.44188431,2.430214552,2.444763246
8372,2.545782555,2.516356638,3.707934985
9365,2.42328764,2.286398394,2.328612746
9856,2.286398394,2.286398394,2.286398394
29785,2.286398394,2.356134844,2.356134844
29953,2.286822244,2.286822244,2.393770247
51296,2.424209534,2.286485639,2.316778253
54578,2.286398394,2.2912766,2.286398394
54898,2.335863539,2.321222315,2.286398394
56603,2.289232457,2.359942331,2.286398394
57393,2.484956396,2.47364072,2.289806842
57834,2.286398394,2.29546123,2.286398394
113278,2.313212922,2.313212922,2.313212922
122970,2.3412098,2.329242139,2.329242139
125061,2.622474956,3.130215808,4.322905098
132158,2.619734155,2.459773386,2.558586642
157570,2.863701968,2.430021935,4.51064026
196743,3.832399081,4.411774851,4.946636959
246,2.286398394,2.286398394,2.286398394
410,2.527396088,2.527396088,2.527396088
978,2.662756219,3.518879824,4.654837635
1571,3.677028068,3.052678936,2.81147765
1593,2.458290574,2.458290574,2.457792763
1594,2.432321025,2.536359305,2.432321025
1890,2.486374604,2.513941293,2.483038783
2134,2.398487167,2.405303153,2.405303153
2523,2.287314612,2.320978624,2.287314612
3292,2.295646097,2.295646097,2.295646097
4248,4.281895719,3.429942574,3.773564131
5145,2.289127974,2.289127974,2.289127974
5152,3.263404781,2.373656358,2.343190079
5158,2.293266996,2.878022798,2.303574167
5169,2.321421669,2.321421669,2.321421669
5244,2.286398394,2.286398394,2.286398394
5625,2.443057366,2.436973664,2.443057366
6506,2.286398394,2.286398394,2.286398394
6519,2.286426027,2.286426027,2.291072129
6536,2.467337793,2.922046316,2.286398394
6540,2.313004182,2.327429092,2.313004182
6549,2.286398394,2.286398394,2.310580965
6580,2.286398394,2.30884825,2.318039993
6785,2.311091196,2.317496887,2.286398394
6999,2.286398394,2.286398394,2.286398394
8639,2.287338977,2.289427636,2.289483722
8972,2.423261629,2.534909287,5.420065023
9056,3.240036286,2.887935365,3.051285977
26301,2.301496597,2.728899795,3.382810472
28234,2.30485373,2.307108042,2.30485373
50614,2.286398394,2.287820145,2.381911905
51302,2.383337125,2.316836807,2.316836807
53630,2.296629497,2.296629497,2.296629497
53947,2.450051202,2.450051202,2.450482992
54490,2.286398394,2.286398394,2.358815523
92745,7.686452301,7.093931953,7.484726283
135152,2.323592664,2.323592664,2.323592664
137872,2.286398394,2.34695558,2.34695558
162417,2.331565138,2.345535713,2.308422653
1608,2.286398394,2.286398394,3.276265361
19,7.422157256,7.736493547,6.58830914
26,2.437331636,2.286398394,7.608850592
100,9.993049458,9.788134509,10.51810238
125,2.286398394,2.286398394,2.286398394
125,2.286398394,2.286398394,2.286398394
130,2.286398394,2.286398394,2.290529315
130,2.286398394,2.350686659,2.286398394
131,2.286398394,2.286398394,2.286398394
216,2.286398394,2.286398394,2.286398394
217,3.470408566,3.066965375,3.571800861
220,2.639127142,2.639127142,2.639127142
239,2.59479862,2.286398394,2.286398394
240,6.51408598,6.576823191,7.338162333
249,2.490480606,2.296963117,2.296963117
249,2.286398394,2.286398394,2.43040912
250,2.286398394,2.286398394,2.286398394
270,2.286398394,2.286398394,2.304546254
272,5.691230806,5.632310536,7.994715997
316,2.290886849,2.295895394,2.290886849
316,2.334812361,2.361369673,2.598824668
412,4.002189271,2.760440388,3.369833795
482,2.286398394,2.286398394,2.286398394
491,2.287725476,2.287725476,2.287725476
491,2.286398394,2.286398394,2.286398394
525,2.286398394,2.286398394,2.286398394
570,2.456499218,2.455552994,2.455552994
760,9.642765266,9.208093721,9.724549634
762,2.286398394,2.286398394,2.286398394
762,3.0078339,2.767779887,3.050617739
771,2.304817865,2.388180866,2.388180866
771,2.56542542,2.327358993,2.436483916
771,3.35537916,3.35537916,3.35537916
952,2.286398394,2.286398394,2.286398394
956,2.286398394,2.286398394,2.286398394
957,2.892770649,2.729572815,2.729572815
1109,2.437725937,2.286398394,2.286398394
1559,2.286398394,2.286398394,2.286398394
1559,2.286398394,2.286398394,2.286398394
1562,2.286398394,2.286398394,2.286398394
1562,2.286398394,2.286398394,2.286398394
1572,2.286398394,2.286398394,2.286398394
1591,2.286398394,2.286398394,2.286398394
1644,2.286398394,2.286398394,2.286398394
1644,2.286398394,2.286398394,2.286398394
1757,2.704249165,2.713563442,2.707865817
1757,2.286398394,2.286398394,2.286398394
1787,5.526956627,4.133903222,4.019554273
1789,7.300102944,7.029313792,5.800087387
1806,5.916934186,5.739253141,2.286398394
1809,2.528831987,2.286398394,2.286398394
1809,2.363241906,2.377868368,2.363241906
1962,3.399668902,3.461916008,2.436829729
2182,7.540242439,7.434687949,7.392892163
2203,3.966792937,4.951755641,5.33617236
2348,2.315904851,2.311616577,2.315904851
2571,3.75750947,3.761838482,2.352855431
2618,5.778684933,5.948000738,5.537446994
2628,5.425449416,6.692879939,3.513040103
2628,6.01145049,5.711325624,2.942524921
2687,2.286398394,2.286398394,2.286398394
2710,4.724436083,3.866961483,3.942639398
2710,5.307311318,4.746185299,5.38504671
2710,6.376516699,5.284632553,5.898241665
2713,3.905572475,3.909769981,3.557254256
2731,2.63527151,2.688980878,2.616512412
2747,2.286398394,2.286398394,2.286398394
2766,2.31276348,2.31276348,2.340605793
2819,2.286398394,2.288862757,2.286398394
2819,2.28901379,2.28901379,2.366209599
2820,8.584620702,8.302488516,8.421147953
2820,4.285063064,4.059773705,4.763917357
2982,2.301428477,2.302038369,2.668438175
2982,2.286398394,2.286398394,2.286398394
2982,2.286398394,2.286398394,2.286398394
2983,2.286398394,2.724756611,2.286398394
2983,2.29345766,2.29345766,2.29345766
2984,2.286398394,2.286398394,2.286398394
3081,2.291503584,2.291503584,2.291645162
3081,2.307056651,2.307056651,2.307056651
3158,2.286398394,2.286398394,2.286398394
3158,2.286398394,2.286398394,2.286398394
3162,2.286398394,2.286398394,2.286398394
3283,2.286398394,2.286398394,2.286398394
3290,2.286398394,2.286398394,2.331509221
3294,2.286398394,2.286398394,2.286398394
3340,6.22667172,5.535089628,5.958507574
3620,2.299892817,2.37290063,2.299892817
3628,6.370137264,6.338849448,4.38613042
3938,2.286398394,2.286398394,2.286398394
4023,7.490695233,7.217291965,3.916478627
4023,7.06321359,7.211574137,4.417715702
4128,2.57049616,2.654512216,2.628415689
4128,2.497883554,2.515341573,2.487687978
4128,2.440560325,2.692136367,2.775364372
4129,2.286398394,2.286398394,2.286398394
4166,2.286398394,2.286398394,2.286398394
4507,6.681071446,6.424118927,5.973312112
4507,5.405266556,5.095790148,5.17191307
4846,2.286398394,2.286398394,2.286398394
4860,10.31546091,10.17723089,11.04184016
4881,2.49008202,2.383377416,2.383377416
5091,3.194366376,3.24983835,2.286398394
5105,2.286398394,2.290851546,2.286398394
5146,2.286398394,2.286398394,2.286398394
5168,2.286398394,2.343388306,2.286398394
5168,2.29340866,2.328050661,2.286398394
5172,2.330860306,2.330860306,2.346984375
5208,3.834699969,4.315691449,2.307272705
5294,5.315732923,5.946761691,6.245878905
5294,3.907655923,5.733965645,5.742118945
5313,2.29939562,2.299572808,2.299572808
5313,2.286398394,2.286398394,2.298901423
5334,2.286398394,2.286398394,2.286398394
5334,2.286398394,2.286398394,2.286398394
5740,2.286398394,2.286398394,2.286398394
5742,4.242618799,4.651699388,3.750413205
5742,2.874366902,2.467841437,2.288653671
5973,2.467854644,2.286422961,2.286422961
6482,5.324799531,4.736877013,5.050465647
6505,2.293040021,2.647122653,2.647122653
6509,10.04985195,9.833909114,9.471083951
6509,9.859529212,9.670089565,9.069716715
6509,8.347031941,8.362616196,7.795357345
6512,2.286398394,2.286398394,2.286398394
6512,2.404239873,2.404239873,2.491433211
6514,2.286398394,2.286398394,2.286398394
6523,2.286398394,2.286398394,2.286398394
6523,2.295285448,2.286747244,2.286747244
6531,2.347977824,2.347977824,2.347977824
6542,8.160437834,7.897716825,4.041267485
6559,2.289181288,2.286398394,2.286398394
6567,2.377972087,2.350018483,2.350018483
6568,2.286398394,2.286398394,2.286398394
6568,2.286398394,2.286398394,2.286398394
6568,2.286398394,2.286398394,2.384774243
6571,2.286398394,2.542321026,2.457412181
6571,2.286398394,2.286398394,2.376319779
6573,8.293288505,8.192293328,8.283587932
6581,2.286398394,2.286398394,2.286398394
6582,2.286398394,2.286398394,2.286398394
6583,4.937657811,4.596533936,5.891406409
6783,2.286398394,2.286398394,2.286398394
6783,2.286398394,2.286398394,2.295542336
6820,2.837155059,2.837155059,2.837155059
7306,2.286398394,2.286398394,2.286398394
7363,2.286398394,2.286398394,2.286398394
7498,2.286398394,2.286398394,2.286398394
7915,7.728828613,7.186625983,8.260928147
7923,4.579150329,3.381826164,4.8931379
7941,2.286398394,2.286398394,2.286398394
7991,2.286398394,2.286398394,2.474184923
7991,2.539606778,3.16157139,2.539606778
8277,2.286398394,2.286398394,2.286398394
8277,2.292159935,2.373982615,2.32880715
8395,5.130568938,4.910325895,3.724416135
8540,9.386675699,9.391847389,10.00022731
8540,8.641162501,8.450622491,8.59874598
8564,2.286398394,2.290034971,2.286398394
8564,2.286398394,2.297531303,2.286398394
8622,2.286398394,2.29170938,2.286398394
8622,2.302776272,2.286398394,2.286398394
8654,2.306409389,2.286398394,2.286398394
8671,2.792106784,2.684288298,2.286398394
8821,3.437271016,2.700652927,2.700652927
8869,5.168307303,4.603921897,3.762833285
8875,2.286398394,2.286398394,3.175678048
8876,2.286398394,2.286398394,2.291136134
8876,2.286398394,2.388482778,2.286398394
8908,2.748648496,2.857783171,2.957328798
8908,3.134218591,2.581366434,2.67210812
9023,2.287323696,2.286398394,2.286398394
9153,2.286398394,2.286398394,2.286398394
9194,8.671479733,9.240969873,8.531320981
9348,2.286398394,2.286398394,2.286398394
9415,7.698818723,7.362344671,6.236174162
9469,2.799821459,4.770303112,4.207422142
9469,2.648523997,2.611231489,2.779816688
9481,2.313653597,2.286398394,2.379904408
9514,2.530351367,2.755496194,2.752570011
9615,7.751995074,7.404500813,2.286398394
9951,2.286398394,2.286398394,2.286398394
9955,3.963563783,3.932895319,2.716763906
9956,2.286398394,2.338483498,2.286398394
9957,2.3379987,2.3379987,2.346535776
9963,2.286398394,2.286398394,2.286398394
10090,2.816305402,2.88460656,2.816305402
10164,4.236337544,3.990186081,2.287921472
10312,9.351809826,9.19518021,9.353797634
10317,2.286398394,2.286398394,2.286398394
10396,4.285457719,5.386700456,2.636949636
10402,7.047724459,6.395106796,7.703393443
10402,7.056275276,7.002866588,7.390508968
10610,2.616333234,2.552728811,2.902732924
10690,2.286398394,2.286398394,2.286398394
10786,2.286398394,2.286398394,2.286398394
10846,2.286398394,2.286398394,2.286398394
10861,2.286398394,2.286398394,2.286398394
10993,2.286398394,2.286398394,2.33457534
11001,8.360937776,8.207510296,9.415010511
11001,8.589320061,8.329917159,9.515671859
11182,3.44951956,2.372369772,3.500914435
11185,2.325957607,2.286398394,2.286398394
11226,5.29915335,5.107229219,4.792652326
11226,3.552125681,3.422163275,5.418629356
11227,2.347028621,2.320030236,2.28735812
11238,2.296319593,2.296319593,2.296319593
11238,2.492552344,2.49022774,2.49022774
11254,2.286398394,2.286398394,2.286398394
11309,2.690134578,2.678986203,2.703174069
11309,2.853657739,2.91854049,2.91854049
11309,2.286398394,2.286398394,2.286398394
11320,8.740227275,8.596734077,8.155108804
23007,7.222707044,6.588244469,2.496439878
23057,2.286398394,2.286398394,2.286398394
23236,3.635354402,3.595887711,2.305143798
23533,4.68559577,4.093937713,4.011659226
23600,2.286398394,2.286398394,2.286398394
23632,2.399332768,2.722954727,2.304789984
26289,2.286398394,2.286398394,2.286398394
26289,2.323502303,2.352331204,2.352331204
27115,2.286398394,2.286398394,2.286398394
27165,2.289887704,2.34038078,2.34038078
29124,2.286398394,2.286398394,2.286398394
29958,2.2909611,2.286398394,2.286398394
50487,2.286398394,2.286398394,2.720488633
50515,8.69813114,8.534916865,8.986595837
50515,6.328453813,6.499500287,7.648679662
50617,2.286398394,2.286398394,2.286398394
50700,2.71788812,2.71788812,2.71788812
51268,2.483070302,2.462950297,2.452708495
51733,3.725790926,3.738202752,2.286398394
53919,2.286398394,2.286398394,2.286398394
54511,2.286398394,2.286398394,2.286398394
54511,2.286398394,2.405070832,2.286398394
55217,6.372033815,6.149172986,6.478989488
55315,5.745013622,4.253316921,4.819414685
55586,2.286398394,2.286398394,2.286398394
55790,2.747017006,2.747017006,4.010918635
56895,2.763806447,2.505409959,2.481047145
56895,2.524543035,2.286398394,2.336810111
57030,2.373820471,2.373820471,2.373820471
57030,2.796503353,2.985669693,3.005223386
57134,6.544550896,5.760897534,3.233882678
57134,2.860370668,2.622826712,2.345725867
57733,2.286398394,2.61844367,2.286398394
57733,2.286398394,2.286398394,2.286398394
64064,2.28776265,2.291273185,2.28776265
64131,7.915879662,8.101435802,7.715273615
64579,2.286398394,2.286398394,2.286398394
64850,2.286398394,2.286398394,2.286398394
66035,2.286398394,2.394413264,3.107084776
79814,2.398636302,2.926129549,2.398636302
79896,4.43541784,4.335970639,2.498740442
81031,2.342383142,2.342383142,2.535809994
81849,2.286398394,2.286398394,2.286398394
81849,2.286398394,2.286398394,2.286398394
84649,4.66139856,3.764989894,3.633808817
84649,4.575982166,4.349474339,3.971701077
84735,2.286398394,2.286398394,2.286398394
84812,2.289680558,2.289680558,2.289680558
84889,2.286398394,2.355691832,2.286398394
93010,3.381122825,3.065238727,7.726522219
113451,2.366560371,2.29438055,2.305536442
114112,2.327480169,2.360516859,2.286398394
114805,2.286398394,2.317884294,2.286398394
115019,2.316713551,2.316713551,2.316713551
115584,2.349233681,2.349233681,2.560738728
117247,4.903733836,4.689197877,2.286398394
117247,2.291266313,3.013532764,2.457733261
117283,2.286398394,2.286398394,2.286398394
122481,2.350630388,2.286398394,2.350630388
123041,2.286398394,2.286398394,2.555510189
126129,2.286398394,2.357906719,2.593929999
130752,2.286398394,2.286398394,2.286398394
131669,2.286398394,2.936556953,2.305151089
134526,2.286398394,2.461929143,2.286398394
140679,2.286398394,2.286398394,2.286398394
145226,2.286398394,2.286398394,2.286398394
154091,2.438941514,2.46868278,2.41381007
154091,2.37206713,2.311811021,2.311811021
159963,2.286398394,2.286398394,2.286398394
159963,2.286398394,2.286398394,2.289313736
159963,2.286398394,2.286398394,2.351640268
160851,2.311717436,2.286398394,2.286398394
195814,2.286398394,2.286398394,2.286398394
197257,2.286398394,2.286398394,2.286398394
256435,6.135743206,5.948554616,2.338327494
257068,2.577931419,2.611521663,2.286398394
284111,2.286398394,2.286398394,2.286398394
33,2.286398394,2.286398394,2.286398394
54,2.286398394,2.340799197,2.288420658
767,5.599386112,3.123676369,7.46137944
1244,2.286828118,2.286828118,2.286828118
1356,2.297782585,2.297871025,2.297782585
1356,2.286398394,2.286398394,2.286398394
1358,2.286398394,2.286398394,2.286398394
1573,2.520010015,2.360335159,2.353466338
1580,2.286398394,2.286398394,2.286398394
1592,2.286398394,2.286398394,2.286398394
1800,2.286398394,2.286398394,2.31772644
2327,2.286398394,2.286398394,2.286398394
2327,2.286398394,2.286398394,2.286398394
2882,2.286398394,2.286398394,2.286398394
7366,2.286398394,2.286398394,2.286398394
7368,2.364027028,3.464773997,2.359990714
8029,2.286398394,2.286398394,2.286398394
8435,2.286398394,2.286398394,2.286398394
9843,2.286398394,2.315583464,2.286398394
10637,2.286398394,2.286398394,2.286398394
28965,2.286398394,2.286398394,2.307749913
30061,2.652375596,2.57160368,5.917141864
55753,2.389277905,2.389277905,2.389277905
56901,3.028759241,2.519031178,2.462826705
57094,2.286398394,2.286398394,2.286398394
59272,2.286398394,2.286398394,2.286398394
59272,2.286398394,2.291566712,2.286398394
60481,12.54949697,12.41157148,11.98771167
79611,2.286398394,2.286398394,2.286398394
79611,2.302418888,2.286398394,2.302418888
80339,2.693549184,2.693549184,2.693549184
80339,3.149656526,3.14825049,3.227286005
83715,2.286398394,2.286398394,2.286398394
83715,2.291595216,2.286398394,2.653682165
130367,2.286398394,2.286398394,2.286398394
641372,2.286398394,2.286398394,2.286398394
84679,2.627709575,2.8973345,2.96741327
84679,2.417810484,2.403751342,2.41939201
755,3.337029346,2.930876424,3.858005992
36,3.616523232,4.083538656,4.807007046
64077,3.057907398,3.055404116,3.055404116
768,3.191659542,3.070682117,3.070682117
953,3.201356338,2.621277717,7.185463044
953,2.286398394,2.286398394,5.938360978
953,2.289544337,2.286398394,5.125838596
1040,3.293666138,3.429731662,3.293666138
1040,2.286398394,2.583433725,2.620079948
1491,9.341999249,9.323174268,6.602083602
1491,7.253718607,7.4995762,3.369962705
1545,7.140559716,7.028034848,7.21485169
1545,6.806002886,6.488945312,7.165412836
1545,5.644126193,4.656995879,6.566484604
2581,9.163014431,8.971221178,4.326418931
2581,5.481634661,5.737950671,2.777358155
2650,8.340245802,8.178275298,9.136124792
2650,6.09330698,5.421980073,6.970423431
3176,8.502710924,8.538328861,2.366709032
3176,5.583911333,5.653992391,2.481835347
3176,4.993961469,5.708197015,2.393153243
3177,6.447299159,6.340025331,7.081802065
4258,9.461103888,9.321981579,9.358104588
4842,2.286398394,2.286398394,2.286398394
4842,2.286398394,2.956157504,2.286398394
4907,3.261518412,3.587618211,2.286398394
4907,3.125893718,2.88375533,2.286398394
4907,2.286398394,3.426397333,2.286398394
5142,6.743888166,6.256689531,6.608543573
5142,5.609868282,4.943312199,3.448782021
5144,6.489876764,6.860557838,5.697166953
5332,2.396896172,2.457370548,2.376350133
5332,2.479598076,2.662657672,2.662657672
6546,2.415150785,2.561799053,2.539677416
6546,2.286398394,2.286398394,2.286398394
6546,2.309267863,2.309294442,2.309294442
6563,2.286398394,2.286398394,2.286398394
6563,2.286398394,2.286398394,2.286398394
6646,6.742945878,6.619346871,6.045406241
6646,5.252110603,4.837528402,5.322644237
6646,4.307855341,3.832749922,3.224512913
7351,10.65564645,10.44550685,10.74159508
8228,6.22359957,5.541759335,6.889909776
8611,4.243783501,3.531715945,6.155939955
8611,3.058621573,2.403896378,5.457852825
8706,2.493836604,2.493836604,2.493836604
8706,2.452555084,2.500004645,2.286398394
8706,2.372032914,2.286398394,2.286398394
8942,2.584688915,2.544592428,2.286398394
8942,2.544318842,2.292889385,2.346310377
8942,2.500787605,2.500787605,2.460863676
9245,2.698668454,2.623855009,2.755287066
9487,3.377964509,3.377964509,3.377964509
9487,3.219073987,2.765876173,2.975344257
9953,7.201648481,6.600778673,6.510360798
10257,9.832157953,9.727796619,8.81476843
10257,7.4045182,7.221957019,7.285164963
10257,6.65109501,6.750963158,6.309535756
10873,2.942529515,3.44040401,2.942529515
26002,3.197956201,3.157904246,3.160605791
26002,2.286398394,2.521018122,2.286398394
26873,3.221822886,3.759363963,2.960843939
27010,6.052716032,6.176921878,3.207501815
27010,5.954725636,5.225887642,3.161714716
51004,4.943061173,3.777616796,4.445597633
55224,3.063647191,3.06305381,3.06305381
55349,3.405422177,3.544982561,3.183965025
55349,2.345038661,2.345038661,2.345038661
56848,3.303070162,3.232649229,3.200326689
56848,2.666599299,2.666599299,2.656003798
57194,4.659087033,5.56452551,3.016458252
284129,3.126849467,3.126849467,3.126849467
376497,3.32423352,3.32423352,3.272765301
400410,2.95153783,2.843457432,2.364075015
98,7.366927587,6.884341152,7.2658802
108,2.286398394,2.286398394,2.286398394
108,2.361423299,2.373787851,2.361423299
113,8.418974493,8.47843037,8.376775502
115,6.47573271,6.0931456,5.786480149
175,8.625742892,8.406452721,9.065760224
175,7.471063815,7.243020034,7.523139092
175,7.407837368,7.279877901,7.792310559
224,7.964046495,7.834384916,8.640156738
224,6.17072778,6.315405232,7.066991468
224,4.83389635,5.343960261,5.634949622
230,8.112176558,7.851649733,2.838814742
290,6.678104676,6.283874299,8.81901425
445,12.71610276,12.84434324,8.843738244
481,5.900715061,5.892155086,3.62544956
481,5.009893809,4.661624191,4.029087127
501,2.502305219,2.779772046,2.937032811
501,3.006946069,3.1051354,3.1051354
535,4.765998296,4.760135342,4.002285526
535,2.335383237,2.286398394,2.685182952
586,12.03970582,12.02108819,10.60067321
586,11.12942734,11.05488286,10.18788463
586,9.437604811,9.230787721,8.424189598
586,7.72092082,7.947096361,6.950810384
594,6.742055105,6.840136984,7.298019196
622,8.623820916,8.52641777,8.634644136
645,7.097524804,6.862908477,6.474050505
759,2.642587584,2.642587584,2.642587584
847,12.95894115,12.91739998,13.19174786
847,11.8447839,11.76730887,11.83427408
873,7.426926774,7.441878333,6.867502601
875,7.493110923,7.403649672,4.828673537
875,7.40266352,7.276699626,4.578515813
1178,5.814434395,4.959505983,12.53065172
1346,2.286398394,2.286398394,2.286398394
1373,7.833324564,7.78503961,6.468829245
1373,6.528410635,6.499570529,4.065532366
1374,10.7807896,10.628188,10.41634073
1577,2.286398394,2.286398394,2.286398394
1577,2.286398394,2.323704394,2.286398394
1645,3.426065544,3.426065544,3.426065544
1645,3.692177495,3.136017137,3.112070441
1717,8.807491636,8.95134628,9.140564391
1717,7.967019977,8.02914286,8.301028407
1718,10.46786283,10.29763541,10.46125371
1808,8.211204643,8.357733511,6.200114326
1836,8.900606503,8.792834205,9.211142946
1836,8.604377611,8.341773621,9.049086865
2026,4.237230536,3.443164351,3.130600497
2030,8.275321278,8.354238121,8.319061551
2030,6.757079347,6.364638109,7.06064145
2548,3.639004262,3.639004262,3.065403079
2591,8.00451642,7.649798038,8.695460904
2592,6.268699313,6.055366035,6.994307245
2651,3.550968459,4.527744137,3.499391429
2678,7.711035943,7.563065119,7.653878419
2678,7.269713236,7.156281001,7.422239101
2678,7.329542567,7.194962344,7.2021212
2678,7.001282907,7.466622379,7.277392856
2752,12.28325656,12.3691211,12.09587267
2752,11.38750801,11.20130241,10.81814079
2752,10.6003702,10.64238193,10.12390251
2762,9.44621913,9.173558089,8.772443229
2762,8.297615712,7.993595476,7.771999989
2876,11.84848553,11.85802313,11.95226288
2878,2.286398394,2.290158207,2.286398394
2878,2.408113506,2.409105146,2.301422592
3037,2.294075276,2.294075276,2.294075276
3037,2.296418774,2.296418774,2.296418774
3038,3.375665684,3.249374886,3.375665684
3067,2.286398394,2.293320384,2.286398394
3073,9.773851476,9.816346068,10.166746
3099,9.794090673,9.787550087,9.3141964
3099,5.680905634,5.35871714,7.056995331
3635,8.89626855,8.989727319,8.082189986
3635,8.013053723,7.693074999,6.665585263
3712,4.786538527,3.775133728,5.130379256
3712,4.316456766,3.099044508,5.202121893
3945,13.62646613,13.68267473,13.45815424
3945,13.50032326,13.52846863,13.29029603
3992,10.47112927,10.24940217,9.572188504
3992,10.02434786,9.887678469,8.577776047
3992,9.263554065,9.030514339,8.094720812
4121,2.764125444,2.761731748,5.764962493
4199,6.258508271,6.402917426,3.217660391
4199,5.447358921,5.770031164,2.316007281
4833,9.572015535,9.234125863,10.07187331
4837,2.348386507,2.348782613,2.355464515
4837,2.765792302,2.845583377,3.666219785
4942,5.897664459,5.276856723,7.625785564
5050,8.877406734,8.655802508,7.555849246
5052,11.02170737,11.0923923,11.4348301
5092,7.031466438,6.427341089,7.111842602
5095,2.781738631,3.246692948,2.861362223
5352,3.727702495,2.994789706,3.084883046
5352,2.628901792,2.758228919,2.286398394
5409,3.422463561,3.587250761,3.423276823
5728,11.00317557,10.84695045,10.93401447
5728,9.933093831,9.799790074,9.535217763
5743,2.663072767,2.877065159,2.286419831
5743,2.286398394,2.286398394,2.286398394
5836,10.51891621,10.39410555,10.37477183
6005,2.286398394,2.286398394,2.286398394
6005,2.305557618,2.305557618,2.527288483
6005,3.090553746,2.286398394,2.286398394
6309,8.86815873,8.834879217,9.159163516
6448,3.782415815,3.756790603,3.794242425
6480,8.141099798,8.141925135,8.214842556
6489,2.309445917,2.332928229,2.332928229
6489,2.286398394,2.286398394,2.286398394
6518,8.204555911,7.800653763,6.216279645
6518,6.917456573,6.95765654,3.977863653
6521,3.082454697,3.096789486,3.082274005
6566,10.2713093,10.15361553,9.89675466
6566,8.827643347,8.699480486,8.859937606
6566,8.294820506,8.015058391,7.476725953
6566,7.47830397,7.537726111,7.379470931
6566,7.005715825,6.767447422,7.04680705
6713,10.03525373,9.816692323,11.01988735
6713,7.670174975,7.379303468,8.221814806
6713,7.36488346,7.472536284,8.915665712
6821,5.573198235,5.393603256,5.648865687
7001,9.164441173,8.977696297,9.147380744
7083,9.260802053,9.017911528,8.931804903
7083,8.379716359,8.022750112,8.169479151
7108,5.353493479,4.979521222,4.596738317
7263,8.873659106,8.707459989,8.305923798
7299,2.300260329,2.369254814,2.549641863
7299,2.430615304,2.5085589,2.430615304
7378,3.399966099,2.305790346,3.399966099
8501,9.111504699,9.329579659,8.969029087
8714,3.039181245,3.039181245,3.039181245
8714,4.21871756,4.828068112,4.289549201
8854,2.286398394,2.286398394,2.286398394
8854,2.400556608,2.400556608,2.400556608
8974,3.382106131,2.672913196,2.356292075
9060,2.286398394,2.530625005,2.286398394
9060,2.381373183,3.015599139,2.471328974
9123,9.458545674,10.23244672,10.3585619
9435,3.514911869,3.835353788,3.456818454
9945,3.301616467,3.700644179,3.828349838
10560,8.573958761,8.313922876,8.64587234
10870,7.990599628,7.343048867,6.431111188
10991,2.387902217,2.286398394,2.286398394
11046,3.315647678,2.86052228,2.78055799
11046,2.389173091,2.948060807,2.948060807
11343,2.395259337,2.575732962,6.575825618
11343,3.585993535,3.433151077,5.758122754
23428,3.464879451,4.025565217,3.491107651
23475,7.867558962,7.513008468,8.477382634
23475,7.372315051,7.122182172,8.908005296
23743,2.286398394,2.286398394,2.286398394
23743,2.286398394,2.286398394,2.286398394
26330,2.287900628,2.286398394,2.286398394
28231,7.796959884,7.660555364,7.678120145
29922,5.971360699,5.799382516,2.820923203
51196,3.335587651,3.192528791,2.331273551
51196,3.087732119,3.837640086,3.710323001
51557,2.286398394,2.286398394,2.286398394
51703,7.612879118,7.737520315,8.355747672
51703,7.906978043,7.669588944,8.08191701
51805,8.649555564,8.677246555,8.126257574
51805,7.692570939,7.605845289,7.354399577
54682,6.733821303,6.476341888,5.746194034
54981,7.120977573,7.219390146,7.45129763
55229,6.115410389,5.827907047,6.111541402
55268,6.046624649,5.75012324,5.658817703
55293,5.635867582,5.41666367,5.760273595
55293,6.705952926,5.876308592,6.662313809
55512,2.286398394,2.433724837,2.373341381
55512,2.289096358,2.3089634,2.289096358
55568,4.185460437,3.101108508,3.313058821
55568,3.932039868,3.639942104,4.352795363
56474,6.170808962,6.27666798,6.595223954
56474,5.24263204,4.224284838,5.505874763
56894,5.8905902,5.50497863,6.761024826
56894,7.877658747,7.719686987,8.440314118
56894,6.805805073,6.195278694,7.033623402
56894,6.029642124,5.316664951,6.029642124
56913,7.417220631,7.156887706,7.263169543
57419,2.286398394,2.286398394,2.286398394
57419,2.286398394,2.286398394,2.286398394
63917,7.520040279,7.648538405,8.09117729
64087,8.660805132,8.446112271,7.916030419
64087,7.03793266,6.516879431,5.740615286
64132,6.45390705,5.953024261,5.279996065
79695,5.207978327,4.927302565,2.286398394
79695,4.767730155,4.892364447,3.418079915
80201,2.489816782,2.489816782,2.489816782
80201,3.92583029,2.5916626,3.289904902
80201,2.476474722,2.502349331,2.706712189
80270,2.583438053,2.530953663,2.45662697
90161,2.614124358,2.615911765,2.494605965
90161,2.286398394,2.286398394,2.385196647
90161,2.327171218,2.327171218,2.327171218
91703,7.298673422,7.289316206,2.319746077
91703,5.867251976,6.175818302,2.339857839
112483,2.308091499,3.32385084,2.298201899
113452,3.213432892,2.681780562,2.681780562
114134,5.973758867,5.381476958,4.873425667
124637,4.200653343,3.964310368,3.898281897
124637,5.26931909,5.276486243,4.817789195
170712,2.286398394,2.286398394,2.286398394
245973,2.286398394,2.286398394,3.465927125
245973,2.286398394,2.340468854,2.286398394
377677,3.319800882,2.534489654,2.32415814
1555,2.286398394,2.286398394,2.286398394
1956,2.360970107,2.360970107,2.678278665
2052,4.757265005,3.177763659,5.03930933
2168,2.286398394,2.286398394,2.286398394
4017,2.521413846,2.382065199,2.775738302
4645,2.98677946,3.122931552,2.960999976
4891,6.030565986,4.652950287,5.390147233
4891,6.230675345,6.036007767,6.471114286
9331,3.995514354,3.686184085,2.586172647
10449,7.957227454,7.961326627,2.348482454
51205,5.019682785,4.234981961,2.633043165
54716,2.286398394,2.290187046,2.286398394
54716,2.620266278,2.334763084,2.472225136
79071,7.689437006,7.808424043,2.286398394
79071,7.429072012,7.224667964,2.356171943
83594,6.12401027,5.904746021,5.219766607
124454,6.628523544,6.079907298,6.478530114
124454,4.986852946,4.596633972,4.839204682
124454,6.714075409,6.765569678,7.0406863
9536,4.076335562,3.913004162,3.875771413
9536,2.949363729,2.686386483,2.949363729
80150,6.689927062,5.671830185,7.889766858
80150,7.250370723,7.265513757,8.86283246
51540,6.187958232,6.176604183,6.153522873
66002,4.115032606,4.115032606,4.115032606
84532,6.018607456,5.688765184,6.185233248
874,4.018353366,4.018353366,4.62922045
80162,4.494176723,4.419126937,4.393582101
109,5.65900567,5.066347633,2.742968839
109,4.784196,4.817858671,3.692856171
203,4.405712376,4.269181977,3.178702177
205,8.040422003,8.053565306,7.003627231
205,8.119795152,8.151371942,7.640942249
218,3.64439412,3.137618907,3.777968033
231,6.880804893,6.695697358,2.750860728
384,3.637221354,3.939808095,3.204140031
493,9.07479631,8.82057202,8.718273476
493,8.793079424,8.485912405,8.259019598
644,4.765384762,4.536395879,6.533668979
644,3.281916688,2.858241851,3.992808863
1152,5.088515642,4.417548313,4.417548313
1609,5.554091788,5.54957901,4.474185113
1638,2.286398394,2.286398394,2.294780658
1638,2.286398394,2.286398394,2.544359298
1638,2.286398394,2.286398394,2.286398394
2131,3.127844318,3.662384669,3.302565087
2131,2.631925055,2.902142245,2.610455316
2132,5.977175205,5.508269116,5.813989706
2132,5.01232866,4.045150561,5.409696887
2135,7.36294474,7.318834044,7.520786669
2180,9.658518849,9.595543207,9.955263165
2180,7.565643865,7.707667294,7.797602893
2517,8.315874173,8.101711898,8.65454128
2519,8.594466236,8.639163879,8.205991757
2525,2.621339995,2.621339995,2.621339995
2525,2.286398394,2.286398394,2.286398394
2585,7.650206538,7.794958559,7.58705383
2643,3.545278954,3.192422982,2.684097018
2745,9.228856918,9.324128418,9.235339272
2745,8.882663549,8.893893557,8.668420886
2936,7.123568259,7.085316404,8.020000405
2936,7.895307867,7.560391944,8.645165264
3098,7.755108031,7.46617278,5.008996355
5019,10.84283831,10.88161163,10.11793493
5236,8.808762671,8.470773802,8.758482001
5264,4.583834798,3.76337276,3.366488096
5351,6.602101563,6.259056081,5.9656651
5631,8.744055625,8.539612877,8.740990799
5631,9.749448745,9.616387168,9.833888888
5730,4.881638312,4.961506333,4.961506333
5730,2.924644215,3.134182897,2.924644215
6241,12.24661627,12.18981227,11.51700964
6241,12.26387119,12.34011398,11.89625587
6515,9.632417348,9.370138732,6.308888026
6515,8.446687679,8.397584052,4.605579519
6515,8.072384287,7.802223126,4.038405724
6652,9.696176557,9.814396864,10.16490442
6652,7.562985336,7.551664816,8.163678032
7388,13.68900173,13.69733253,13.76800254
8612,3.500054628,3.120565971,3.388290133
9791,10.76649809,10.75752128,11.72861897
10020,8.159027055,7.8734469,8.029796239
10678,8.644162749,8.228021461,7.649562096
10678,8.952763321,8.965192166,8.655987906
10682,10.47506152,10.41521241,10.35452392
10682,10.81553718,10.76609318,11.11104403
11282,8.711814302,8.4527024,8.479713156
11282,10.24906569,9.960706163,10.33811514
23530,9.871833256,9.704201944,10.28464541
23530,9.571430088,9.343470715,9.692812254
29968,12.95549207,12.9523598,10.94150977
29968,12.56456332,12.57447371,9.644481844
51809,7.681585992,7.728262729,7.826355508
51809,10.06725371,10.09059404,9.925987863
55089,2.286398394,2.286398394,2.286398394
55089,2.286398394,2.286398394,2.286398394
55163,6.69130525,6.556242912,6.568387607
55191,8.979879694,8.962411073,9.190680329
55191,8.249247766,8.13067368,8.704064956
56994,9.046778216,8.98316489,11.03345242
56994,4.741772875,4.713274166,6.54631259
79623,8.027563938,8.094821565,8.192786096
79901,7.78494372,7.551974582,8.676305038
79901,6.82531176,6.757924651,7.395245568
81539,12.05325817,11.84061659,10.19749553
81539,11.25401107,11.41020907,9.448275992
84002,9.775146072,9.732751028,8.973377742
84912,7.464383317,7.15084885,7.03008016
84912,7.334163983,7.090931648,6.410108148
84912,5.562273409,5.723885237,5.343292374
1200,7.883151254,7.529559991,8.087666183
1200,10.02994718,9.715467585,10.29509182
4257,11.0250646,10.83875648,12.34533948
4257,11.19373124,11.2694376,12.41388593
9200,3.450839134,2.894349821,2.797444375
10455,8.318320556,7.865740281,3.815250005
79966,2.694317198,2.907537482,2.381268839
129642,4.105601371,4.105601371,3.719225355
129642,4.462687355,3.636133615,4.462687355
201562,9.640819846,9.695632673,9.118642582
201562,7.552914872,7.375307088,7.266980122
26227,10.9903486,11.07905372,7.978471838
3988,9.047651801,8.778599141,8.60285964
51056,10.73146022,10.71581011,11.10970623
56954,9.711739688,9.636400317,10.08380883
28,3.989531116,3.989531116,3.989531116
127,5.473417437,5.834862675,5.834862675
4705,3.093154023,3.093154023,3.093154023
6538,3.435382645,3.342613009,3.314096411
10841,2.61515916,2.61515916,2.61515916
56606,2.761900957,2.761900957,2.761900957
56953,5.216791399,4.840968881,4.710902224
58510,4.063210555,4.292790239,4.292790239
83697,3.557953587,3.49118132,3.564887567
84701,4.015974677,3.682604338,3.682604338
122622,3.930775716,3.550873425,3.289611141
122622,4.226891594,4.239679026,4.446220872
129807,3.520803647,3.915586526,3.46831851
2686,3.21647278,2.909802635,2.909802635
728441,3.703341263,4.304893344,3.910095072
15,2.286398394,2.293472789,2.286398394
114,2.286398394,2.286398394,2.286398394
124,2.286398394,2.286398394,2.286398394
127,2.286398394,2.286398394,2.286398394
189,2.286398394,2.290586801,2.286398394
189,2.290274815,2.286534041,2.581280554
189,2.286398394,2.286398394,2.286398394
229,2.286398394,2.286398394,2.294600154
242,2.286398394,2.286398394,2.286398394
247,2.286398394,2.402867869,2.286398394
248,2.286398394,2.418458949,2.293304529
251,2.771903316,3.123121832,2.774481507
343,2.286398394,2.286398394,2.286398394
366,2.286398394,2.286398394,2.649732758
383,2.289346355,2.300384332,7.509413223
438,2.308283728,2.308283728,2.308283728
480,2.286398394,2.286398394,2.286398394
492,2.286398394,2.361547459,2.286398394
495,2.286398394,2.308733199,2.286398394
496,2.286398394,2.286398394,2.291894008
514,2.3077844,2.3077844,2.3077844
635,2.286398394,2.286398394,2.286398394
763,2.286398394,2.286398394,2.286398394
766,2.301723032,2.286398394,2.286398394
1103,2.286398394,2.286398394,2.286398394
1118,2.286398394,2.286398394,2.286398394
1158,2.286398394,2.286398394,2.286398394
1339,2.286398394,2.286398394,2.448630077
1548,2.46969868,2.322546668,2.292504438
1551,2.286398394,2.286398394,2.286398394
1553,2.286398394,2.286398394,2.286398394
1557,2.286398394,2.286398394,2.294463767
1558,2.286398394,2.286398394,2.286398394
1579,2.286398394,2.286398394,2.286398394
1581,2.286398394,2.298163491,2.286398394
1582,2.286398394,2.304308185,2.286398394
1583,2.286398394,2.286398394,2.286398394
1584,2.286398394,2.286398394,2.286398394
1585,2.286398394,2.286398394,2.625301381
1586,2.286398394,2.286398394,2.286398394
1610,2.286398394,2.286398394,2.527360524
1621,2.305697098,2.305697098,2.305697098
1807,2.286398394,2.286398394,2.286398394
1811,2.286398394,2.286398394,2.286398394
2352,2.667853021,2.746107514,4.451335263
2538,2.290080686,2.290080686,2.290080686
2572,2.286398394,2.70597899,2.286398394
2645,2.286398394,2.418473771,2.286398394
2712,2.286398394,2.286398394,2.286398394
2875,2.522159857,2.522159857,2.522159857
2986,2.286398394,2.286398394,2.286398394
2998,2.286398394,2.286398394,2.286398394
3000,2.286398394,2.286398394,2.286398394
3036,2.286398394,2.286398394,2.286398394
3101,2.364382513,2.286398394,3.569045754
3284,2.286398394,2.286398394,2.383487721
3293,2.289030964,2.289030964,2.289030964
3906,2.286398394,2.291226921,2.453555762
4056,3.069553401,2.329919279,4.266787863
4249,2.286398394,2.286398394,2.286398394
4759,2.454729965,2.453826026,2.453826026
4843,2.41155856,2.286398394,2.286398394
5009,2.286398394,2.327822764,2.286398394
5053,2.286398394,2.286398394,2.286398394
5149,2.286398394,2.29017627,2.286398394
5153,2.287465865,2.287465865,2.287465865
5161,2.497280214,2.286398394,2.303803536
5207,2.286398394,2.286398394,2.286398394
5224,2.40051879,2.286398394,2.286398394
5232,2.920006333,2.300440034,2.300440034
5288,2.290374366,2.286398394,2.286398394
5319,2.286398394,2.286398394,2.286398394
5322,2.286398394,2.286398394,2.286398394
5406,2.286398394,2.286398394,2.286398394
5407,2.286398394,2.286398394,2.286398394
5408,2.286398394,2.286398394,2.294281662
6476,2.286398394,2.286398394,2.286398394
6517,2.286398394,2.286398394,2.286398394
6524,2.304522399,2.304522399,2.304522399
6529,2.286398394,2.286398394,2.286398394
6530,2.469880402,2.468235753,2.737887497
6532,2.286398394,2.286398394,2.286398394
6534,2.286398394,2.286398394,2.286398394
6539,2.286398394,2.286398394,2.286398394
6543,2.286398394,2.286398394,2.286398394
6547,2.347042479,3.182034371,2.372279776
6550,2.291835397,2.286398394,2.286398394
6553,2.371551894,2.468075612,2.4111087
6553,2.494647488,2.494647488,2.494647488
6554,2.331312926,2.331882996,2.319952256
6555,2.286398394,2.286398394,2.317033164
6557,2.606743284,2.606743284,2.606743284
6561,2.286398394,2.286398394,2.287337962
6569,2.286398394,2.286398394,2.286398394
6579,2.286398394,2.286398394,2.286398394
6716,2.286398394,2.286398394,2.286398394
6718,2.286398394,2.286398394,2.286398394
6822,2.286398394,2.286398394,2.286398394
6898,2.376146972,2.376146972,2.376146972
7166,2.286398394,2.291355393,2.286398394
7173,2.286398394,2.286398394,2.286398394
7350,2.286398394,2.286398394,2.286398394
7352,2.72965804,2.789557166,2.789557166
7367,2.286398394,2.289850864,2.286398394
8170,2.286398394,2.286398394,2.286398394
8288,3.54317827,2.88330765,11.19150805
8513,2.286398394,2.624714524,2.330288589
8608,2.28782355,2.28782355,2.737462744
8647,2.286398394,2.286398394,2.286398394
8789,2.286398394,2.286398394,2.286398394
9058,2.286398394,2.532945944,2.453140544
9152,2.286398394,2.286398394,2.286398394
9154,2.356063383,2.323649087,2.313210466
9651,2.286398394,2.286398394,2.286398394
10050,2.286398394,2.293608636,2.286398394
10246,2.313666005,2.286398394,2.39055802
10858,2.286398394,2.286398394,2.286398394
11136,2.286398394,2.286398394,2.286398394
11181,2.286398394,2.286398394,2.286398394
11283,2.286398394,2.286398394,2.286398394
23439,2.286398394,2.286398394,2.286398394
23498,2.410461213,2.341015799,2.308006272
23539,2.516663586,2.539621963,2.418394486
23563,3.265766195,3.253977237,3.253977237
25769,2.286398394,2.419310325,2.286398394
26062,2.286398394,2.286398394,2.286398394
26266,2.286398394,2.369823237,2.286398394
26279,2.286398394,2.286398394,2.286398394
26290,2.286398394,2.286398394,2.286398394
27159,2.29896687,2.29896687,2.29896687
27306,2.286467107,2.286467107,5.43391537
29906,2.286398394,2.286398394,2.286398394
30814,2.286398394,2.286398394,2.286398394
50506,2.286398394,2.286398394,2.286398394
51146,2.286398394,2.286398394,2.286398394
51179,2.286398394,2.286398394,2.286398394
51301,2.286398394,2.286398394,2.298358753
53905,2.286398394,2.286398394,2.286398394
53905,2.286398394,2.286398394,2.286398394
54363,2.286398394,2.286398394,2.286398394
55301,2.286398394,2.286398394,2.286398394
55350,2.478372195,2.401034724,3.242475627
55350,2.286398394,2.286398394,2.286398394
55811,2.286398394,2.286398394,2.286398394
57084,2.286398394,2.286398394,2.286398394
57127,2.351143122,2.286398394,2.286398394
57282,2.286398394,2.286398394,2.286398394
57379,2.286398394,2.286398394,2.286398394
57468,2.298922108,2.287085938,2.287085938
57818,2.286398394,2.286398394,2.286398394
57835,2.286591861,2.286591861,2.444537045
58510,2.286398394,2.286398394,2.286398394
60482,2.286398394,2.286398394,2.286398394
64078,2.378432487,2.668308443,2.732683374
64600,2.286398394,2.286398394,2.286398394
64711,2.322243245,2.327645439,2.327645439
64816,2.286817657,2.286817657,2.286817657
64902,2.286398394,2.286398394,2.286398394
80168,2.286398394,2.286398394,2.363495935
83884,2.286398394,2.286398394,2.286398394
84076,2.286398394,2.286398394,2.286398394
89869,2.286398394,2.286398394,2.286398394
92483,2.286398394,2.286398394,2.286398394
93034,2.286398394,2.286398394,2.286398394
116255,2.573976736,2.368894122,2.291170339
116285,2.286398394,2.286398394,2.286398394
116369,2.327026773,2.286398394,2.286398394
117248,2.286398394,2.286398394,2.286398394
121278,2.286398394,2.286398394,2.286398394
125206,2.286398394,2.504986053,2.286398394
125965,2.286398394,2.286398394,2.286398394
127124,2.286398394,2.286398394,2.286398394
130013,2.286398394,2.286398394,2.286398394
142680,2.286398394,2.286398394,2.286398394
151531,2.287917325,2.286398394,2.286398394
160287,2.286398394,2.286398394,2.286398394
160728,2.286398394,2.286398394,2.286398394
162466,2.298889948,2.286398394,2.290197438
192134,2.514225503,2.514225503,2.69614276
221823,2.293142057,2.315268215,3.296723474
246213,2.286398394,2.286398394,2.286398394
341947,2.286398394,2.286398394,2.286398394
765,2.288932644,2.286398394,2.286398394
1215,2.286398394,2.334335576,2.286398394
1357,2.286398394,2.286398394,2.286398394
1549,2.286398394,2.286398394,2.286398394
1636,2.286398394,2.286398394,2.286398394
2694,2.402151235,2.286398394,2.286398394
2880,2.286398394,2.286398394,2.286398394
4025,2.286398394,2.286398394,2.286398394
6564,2.286398394,2.286398394,2.286398394
7177,2.286398394,2.286398394,2.362701574
9390,2.286398394,2.286398394,2.286398394
10249,2.303300564,2.532396083,2.336508974
23430,2.286398394,2.286398394,2.286398394
55065,2.303603137,2.303603137,2.303603137
64499,2.286398394,2.286398394,2.286398394
81616,2.286398394,2.286398394,2.286398394
81693,2.29133552,2.286398394,2.286398394
93979,2.439236538,2.439236538,2.439236538
285973,2.286398394,2.286398394,2.286398394
30,9.266131224,9.094322559,9.620256777
30,6.278366154,6.72183843,6.681006526
31,8.72797672,8.733296735,8.498133873
32,3.541784523,4.523288709,4.246127869
32,3.883221886,3.420656208,3.436683247
34,10.37373699,10.43362859,10.22373266
35,4.531661333,4.615203635,4.836822279
38,10.3677541,10.28915551,10.8148275
39,10.21569373,10.28347554,10.23727523
47,9.979706285,9.973571398,9.518808272
47,9.90799567,9.863751923,9.529896569
47,11.15416273,11.11280455,10.9909322
48,4.927718262,4.544695751,3.988389905
50,9.811772727,9.752636062,9.841679617
51,5.174894654,5.229081425,5.873090465
51,6.185162522,6.042646157,6.543057437
52,10.25127232,10.15372409,10.20548727
52,10.94841918,10.93010752,10.78705182
52,10.39431163,10.38066685,10.64803372
53,4.616270891,5.798220096,6.05826216
95,8.149954113,7.822066044,8.583967254
97,8.023550132,8.156644146,7.420237482
112,3.164293802,3.164293802,2.492240876
128,7.959179471,7.950647678,8.515425712
128,9.47025392,9.32223275,9.62397307
132,7.858573804,8.074853601,8.375343529
132,10.73985371,10.66112812,10.52486912
158,11.14498132,11.0707843,11.30222374
158,11.6070191,11.64803014,11.69622066
159,9.311680799,9.367384186,9.604398223
178,8.331403502,8.169652427,9.171734808
191,11.25246276,11.14229627,10.97958172
204,11.27967557,11.25884707,11.45931687
204,11.26660666,11.23438407,11.27732661
210,7.125272405,6.596245391,8.286387214
211,10.46213434,10.45224819,11.12505441
219,5.979793185,5.917390199,5.609010295
219,6.340070839,6.536738167,7.059626717
221,6.244217978,6.477067879,7.594809062
223,9.540647814,9.471668213,8.951179575
226,10.53242689,10.57515088,10.36392713
226,13.35199818,13.47031257,13.17240233
226,13.42670148,13.43921524,13.19530277
262,10.35295485,10.09830742,9.78485186
262,11.19784332,11.03834129,10.73486543
271,6.985124525,6.693174517,7.23127638
275,3.802647872,3.822083485,4.16009693
291,7.279998843,7.082673379,6.42959501
292,13.24166897,13.28182843,12.65203507
293,12.55429897,12.56863087,12.72693341
293,12.97060886,13.03946394,13.06675067
318,6.383592994,6.364768007,6.661171412
353,7.702893521,7.339255205,8.359231153
353,8.748369455,8.969180749,9.636723311
411,3.775918298,4.19532414,3.383267906
427,7.830302781,7.526448321,9.206034929
427,8.109627343,8.400838643,9.842985122
427,8.469515562,8.428627835,9.364107262
427,9.386071271,9.394551289,10.89110726
435,8.319401093,8.092846555,7.518278132
440,12.21774162,12.02855855,9.78529791
471,11.08460858,10.99150811,10.84358699
476,9.940472636,10.09335657,10.18680869
483,10.96279916,10.99315521,11.69352698
490,6.365682307,6.235518477,6.651124642
490,7.151934878,6.887539408,7.230003111
490,7.885230218,7.83610172,8.173890976
498,14.01776745,14.01443565,13.93349191
506,12.5011868,12.48278275,12.1976773
509,12.50091305,12.45274681,11.40518283
509,12.17941133,12.16269411,10.93719189
509,12.29746334,12.26799283,11.09402943
513,11.14152032,11.06748468,10.12738337
513,9.011862808,8.93593152,7.916727435
514,12.71896676,12.70425298,13.02627968
515,13.44808443,13.48494984,13.26322736
516,9.380660293,9.234016816,9.761896296
517,12.59898765,12.57303786,12.58737662
518,12.60026528,12.5205973,12.77086375
518,12.46958846,12.51812043,12.48327821
521,12.0565637,12.08448352,12.31694351
521,11.63962988,11.73145394,12.31315878
522,12.77106325,12.70216734,13.16173647
523,7.950467772,7.349087628,7.467582949
523,9.251539544,8.862181975,8.915393759
526,8.866496697,8.443838817,9.754661107
527,7.651645136,7.704523705,7.748827209
527,10.23842224,10.33136484,10.19732758
528,6.410736994,6.081956663,7.571896113
528,6.983628016,6.550638767,7.982222045
528,7.546913069,7.546087711,8.906512869
528,5.718836005,5.199493618,6.238403433
529,9.411828435,9.314431986,10.01102753
533,10.42364798,10.47479644,11.05597676
549,8.253331689,8.095655097,6.770243304
587,8.431765132,8.436205928,8.543257693
593,9.171159767,8.911057652,8.483379294
669,5.877391606,5.970326343,6.721312488
686,4.146087429,4.146087429,4.135257864
686,5.788754175,5.788754175,5.725678076
788,6.517796149,6.452123803,7.137890348
790,8.920939864,8.665931931,9.49523684
883,4.729037468,4.345238897,4.341775361
955,6.487697303,6.319028538,6.432037229
1119,7.283504522,7.296485964,6.803276475
1119,7.101312992,7.075881288,6.707658715
1120,6.322009187,5.841343893,7.412644124
1312,10.69300098,10.68450245,10.19932345
1312,11.53981379,11.53692214,11.09374352
1327,12.64151446,12.60641945,12.27359427
1327,12.39946356,12.39128005,12.11852319
1329,12.42671208,12.43119798,12.33533777
1329,12.08863008,11.96692969,11.92404694
1329,12.55181073,12.62166374,12.52087873
1337,12.68674649,12.62496615,12.91189809
1340,11.99213493,11.98591587,11.75852805
1345,12.07117006,12.14273394,12.8941725
1347,12.89319707,12.88482941,12.87191554
1349,6.905422815,6.933542681,5.575385436
1349,12.64974452,12.6922322,12.67738431
1350,8.445759271,8.46082977,8.401604149
1350,12.64254773,12.55113446,12.6030282
1350,12.53332923,12.48785582,12.52983044
1351,12.17124705,12.17090204,12.25487471
1371,8.672880638,8.843043744,8.759795096
1376,7.495304097,7.503580534,7.699353897
1376,6.957078705,6.636862268,7.125345793
1384,6.420114331,7.18250546,6.672851214
1384,5.159123013,5.525278257,5.250490905
1431,11.41893729,11.2781021,10.6676083
1468,5.830141199,5.721668484,7.25938539
1503,9.262383688,9.23085279,9.444697202
1537,10.53360722,10.51932173,11.02036451
1544,4.349560886,4.70046505,4.349607355
1565,3.453560338,3.687018149,3.446511385
1595,10.77136938,10.67272833,10.8387216
1595,10.99261326,10.92379904,11.04948904
1603,10.71402892,10.64579198,11.29806159
1606,5.834391263,5.626258398,5.117114943
1629,5.314070805,5.356072505,5.559999788
1629,5.631618641,5.336860579,5.576314901
1629,5.98348183,6.150443552,6.514983478
1629,9.399844888,9.621054403,9.395767691
1632,9.476067064,9.328124102,8.558446413
1633,10.30025424,10.56222317,10.46051309
1635,8.470982884,8.486726557,8.486554438
1635,8.399757867,8.31480116,8.457327404
1635,8.571614064,8.389080775,8.694685837
1650,11.32541131,11.36327559,11.55809684
1650,12.67824168,12.56654804,12.71250944
1716,7.430825916,7.322810975,8.152557181
1716,9.043795524,9.007965256,9.619199998
1719,10.29335717,10.27267644,10.39886076
1719,9.642628964,9.722095828,9.956478587
1719,9.892766441,9.764335067,9.917804424
1723,5.621586144,5.914398333,5.383329669
1737,8.733165332,8.583108465,8.444656555
1737,9.675424118,9.283383296,9.159015949
1737,9.363650083,9.01395803,9.273194741
1738,8.087292914,8.134931634,7.254594643
1738,11.63519084,11.63530931,11.55484536
1743,8.224244039,8.062548643,8.564344036
1786,11.67801924,11.68565561,11.1725102
1788,5.377446129,5.407572199,4.963336292
1798,7.939855757,7.882324495,8.054925453
1841,8.751866596,8.666671458,9.183875078
1841,7.347584674,7.254410604,7.872423988
1854,9.140318682,9.215958499,9.642530069
1854,12.74145791,12.74944436,12.77188745
1854,12.72134708,12.75276209,13.1026549
1891,10.11441129,9.968110259,9.552513299
1892,10.3086577,10.29659509,11.08583806
2023,3.641220937,3.375542327,3.641220937
2023,12.74603836,12.79986767,12.78377243
2023,13.25254069,13.35214066,13.23225073
2027,3.426783604,3.507709441,3.54731591
2098,11.97114856,11.92299233,11.50565705
2098,12.29007825,12.32998151,12.18852601
2108,11.49054266,11.5077022,11.63822687
2109,9.771732731,9.638506497,9.176283181
2110,7.237049158,6.963881612,7.046830552
2110,7.168594624,6.775862955,6.966497182
2137,3.724692736,3.404730955,3.727804822
2181,8.980544348,9.186994164,8.676786769
2181,8.805132587,8.821325419,8.098465919
2184,9.182683494,9.219701993,9.841651339
2194,7.9748372,7.442180044,8.215360471
2222,12.30557295,12.26156803,12.53269421
2222,11.90053831,11.89210165,12.37118608
2224,11.99119223,11.88687675,11.82478051
2235,7.135322454,6.918048245,7.496054855
2235,5.761819638,5.575766102,5.787411952
2271,9.544610644,9.282872339,9.099789471
2271,11.06237254,11.12396122,10.79496114
2271,10.18877532,10.0991368,9.764550025
2356,6.696669068,6.596153349,7.09740846
2530,5.611711192,5.394065327,4.706063854
2530,4.822908592,4.415599971,4.14193176
2531,6.41642942,5.923468463,6.422783747
2531,7.369414444,7.160844918,7.351003594
2531,7.378237879,7.305561813,8.1861595
2539,5.393288248,5.589643013,6.539549807
2542,7.478621784,7.115241259,7.514195059
2542,6.785882748,6.819522362,6.164711986
2582,7.166702907,6.886683418,7.199724441
2584,6.263412665,6.382893438,5.403767552
2588,7.079549744,6.635379027,7.932873812
2589,9.376028366,9.33335065,9.601248949
2589,9.166122353,9.166197641,10.85668774
2589,9.539883732,9.369503441,10.36430967
2589,9.829953139,9.768299303,10.05066928
2590,7.19180674,6.972251397,7.24651498
2590,8.147232449,8.14621302,8.723715742
2593,4.480156076,3.161394542,5.147038192
2593,5.927524772,4.472959698,5.659099304
2595,5.005306034,5.05333189,5.269012318
2597,14.18106224,14.2297075,14.01915684
2597,14.50838289,14.56059146,14.24018475
2597,14.35414827,14.41818307,14.18368052
2597,14.51055201,14.53498959,14.29402669
2597,14.07873553,14.11648539,13.96795158
2597,14.05121171,14.0608929,13.90757906
2618,8.558257805,8.035443715,8.202191108
2618,9.095782943,9.057614113,8.921232179
2632,11.25482586,11.17507435,10.38239874
2639,7.733639213,7.582505988,7.566759839
2673,6.694202042,6.134965559,5.190578486
2673,7.827863687,7.854261735,7.369418988
2673,7.334969923,7.192225087,7.451072102
2673,7.245991334,6.743989573,7.318268818
2683,10.4528714,10.28648214,9.060458198
2717,9.535182534,9.422514044,9.704916779
2720,9.156487662,8.954401956,8.842424411
2729,8.519307837,8.470645033,8.662533598
2729,7.596977453,7.607494663,7.759455797
2730,7.278003205,7.215815765,7.010516765
2730,8.271485581,8.043516027,8.160148002
2739,11.68114362,11.69401621,11.04619358
2744,7.099409538,6.896183824,8.063409875
2744,5.428411014,4.657613263,4.518281309
2744,4.026619872,4.437343144,4.030828277
2746,9.745608894,9.537878387,9.864087882
2746,11.36998475,11.22060104,11.67646458
2799,7.568196009,6.962580696,8.77338072
2799,4.952812783,4.759090595,6.107307913
2799,7.871822589,7.739242566,8.872896147
2805,9.052162734,8.835211612,7.669531835
2806,8.956715476,8.808373083,8.315034514
2821,12.22481524,12.22123583,12.2392757
2879,11.7062464,11.7950549,11.62830681
2937,8.421494086,8.156341304,8.280725808
2937,8.969619421,9.068461762,8.665069496
2944,5.582249519,5.08189663,4.784979565
2944,4.867559165,4.625609501,4.214696609
2954,5.249951781,5.249951781,4.685133429
2987,8.21976326,8.102260295,8.283275486
2990,10.52538273,10.34192455,11.08257025
2992,9.533409867,9.332303294,9.993372571
2992,10.56261746,10.59739705,10.9778325
2997,6.550185886,5.901092726,5.443814478
3028,10.50957208,10.49540762,10.30565474
3029,7.366389183,7.270138487,6.886378345
3030,11.16782657,11.11623525,11.49267462
3030,11.08583555,10.991405,11.17470194
3030,11.79244271,11.82857058,11.65081753
3032,10.8726936,10.71035654,11.04258295
3033,10.1967636,9.970588334,9.262318659
3033,10.57556796,10.53551355,9.923692203
3033,9.739488907,9.726961341,8.838450033
3074,8.662374726,8.884871175,8.049544609
3141,3.379659019,3.81013879,2.449418373
3141,5.590235816,4.851535446,5.346854855
3145,7.549005722,7.270597526,7.611759381
3155,7.489554378,7.480955872,7.960925372
3156,8.852956589,8.917886577,8.726302805
3156,9.987250033,9.996624447,9.612315868
3157,7.956652507,7.762788885,8.679636114
3157,10.56620113,10.33749602,10.16624385
3163,8.762515701,8.764480864,8.805304997
3163,5.320289956,5.153228665,5.159182246
3251,11.53189956,11.48509881,11.6190061
3295,9.704544805,9.52325404,9.238205108
3417,10.14259556,9.907427588,9.525250176
3417,10.19577918,10.08956079,9.497971469
3418,10.95274195,10.8130224,11.08003056
3419,7.823043324,7.90945394,7.658977133
3419,8.956211191,8.777230423,9.076209278
3420,8.607931543,8.522064614,8.366225295
3420,10.30246645,10.30102097,10.03419208
3420,9.981445374,9.904783061,9.703872197
3421,10.44783596,10.48486278,10.05625765
3421,7.999012983,7.84378691,7.515557863
3422,11.04113541,10.91325274,10.66731199
3422,10.94430535,10.85662564,10.51070381
3423,6.226219092,5.303514315,6.012151069
3423,3.026528229,3.621050728,3.975537272
3423,4.43621803,3.725451914,4.43621803
3423,3.055911117,3.327037583,3.633330436
3425,3.350049199,3.518505035,3.899094533
3612,9.248458947,9.156874154,9.988151565
3613,10.31753201,10.34828105,10.43339335
3614,6.142497794,6.048025766,6.978696878
3615,12.78153329,12.78842458,12.79393091
3631,6.919479567,6.96066789,7.071860666
3631,8.998806253,9.019402983,9.523078844
3632,7.102509562,6.971420037,6.128481339
3632,8.398972631,8.35855567,8.192262553
3633,6.21776566,5.868646751,6.548793831
3636,5.772231836,5.209930053,5.401083131
3658,10.13331292,10.30888634,10.3281811
3658,8.073662113,8.331676683,8.451343841
3704,8.128680286,7.937418801,8.697484057
3707,6.54423028,6.807357444,6.005043732
3795,4.488323646,4.159518873,4.488323646
3931,3.232518735,2.988374856,2.642233739
3939,13.67266536,13.65722804,13.44319652
4047,6.199781362,6.30913152,7.165100492
4047,8.652335903,8.382053146,8.801833253
4048,9.594454126,9.374460127,9.856304643
4122,8.410363847,8.376109109,9.302934613
4122,5.981782633,6.982242783,7.319477312
4123,6.42441651,5.889951067,5.52704728
4124,7.11577123,6.361984104,6.269498919
4124,7.960148236,7.856602154,7.556750978
4125,9.220380268,9.125686134,10.61146913
4126,6.994811733,7.045932123,7.950254637
4144,9.764338863,9.946568006,9.204226762
4144,11.19356244,11.2251615,11.37463396
4190,11.98123823,11.9285956,12.07644225
4191,7.172799915,7.191563404,7.140195938
4191,12.22676223,12.1091322,12.38611679
4200,9.865499874,9.810976535,9.966746028
4200,11.26576506,11.26055837,11.46910887
4200,10.29664607,10.16303901,10.39230013
4245,8.267359422,8.087111164,7.615593078
4247,10.21979597,10.17747259,10.77630585
4247,9.223955486,9.086834855,9.52456845
4259,10.88377414,10.71625314,10.23638129
4329,6.887334837,6.746573349,6.609769813
4329,6.860731151,6.863391123,6.441571782
4329,7.024291106,7.105224566,7.123340519
4329,4.002609074,3.482791841,3.929774419
4351,5.675645094,5.237902551,5.700678173
4353,13.83781926,13.87070824,14.04346371
4353,13.24838649,13.40275908,13.55373903
4357,9.042801732,9.137226246,8.859834057
4363,6.269882907,5.9596563,6.005493107
4363,8.705538085,8.741447589,8.77285233
4522,10.80092649,10.90911141,10.49852645
4524,5.359250146,5.004350653,5.671095921
4548,7.952902875,8.049886639,8.011056469
4548,9.658679116,9.539904891,9.860751639
4594,8.405005275,8.452414658,7.729020536
4594,9.414801522,9.303690154,9.319292668
4597,4.404626548,4.479047351,3.878538163
4598,6.522286162,7.125591535,6.140062968
4598,5.03887171,4.710824983,4.963707541
4598,5.3455462,5.625395458,4.765097185
4668,7.601001687,7.536395761,7.454227231
4668,6.20241757,6.300990768,6.402109792
4668,7.324536064,7.127036933,7.25306068
4669,5.629088153,5.041035551,5.43712379
4694,11.73097842,11.78199705,11.79894489
4695,11.26141591,10.99832568,11.03654016
4696,11.31943599,11.17106629,10.72176759
4697,11.82416194,11.87109216,12.55279933
4698,10.66027424,10.56532384,10.46619464
4700,8.175854228,7.998750221,8.346511889
4700,11.93525762,11.86573522,12.1591816
4701,10.30304809,10.18039674,9.566621378
4702,8.701059137,8.381709363,9.312228136
4704,9.952833344,9.766915585,9.806657201
4706,12.34386997,12.26559727,12.30711634
4707,11.20158978,11.16562627,11.33899911
4708,10.45515123,10.39787684,11.39166934
4708,8.992832656,9.109237263,10.31449955
4709,10.544531,10.60559483,10.91509407
4710,12.52729371,12.41417061,12.65233838
4711,11.41280198,11.39060197,11.23548712
4712,10.70110231,10.57237324,10.7422723
4713,10.21622938,9.968870969,10.03918852
4714,11.84820244,11.86665443,12.1603686
4715,11.39621491,11.26430677,12.26328429
4716,11.00069362,10.91143782,11.60269892
4716,9.125907113,9.011589911,9.75959826
4717,11.03473344,11.00127327,11.04461149
4718,11.38547269,11.2725572,11.82565572
4719,6.513651079,6.025725566,6.771639909
4719,9.69868647,9.522186142,9.613059775
4720,11.38631464,11.44238821,10.85524065
4722,10.31435984,10.19792581,9.800942183
4723,11.34456745,11.27604818,11.03464932
4724,10.20079043,9.972609509,9.896926265
4726,10.92034142,11.15429139,11.23104161
4728,10.17525305,10.15238398,10.14370712
4728,10.49481249,10.51392833,10.44100846
4729,11.94729555,11.91686848,11.53915865
4731,8.214381816,7.965280439,7.640018381
4731,7.416029395,7.640517456,6.681009651
4758,8.104581595,7.866341216,7.811805003
4830,11.6687659,11.74680237,12.09341354
4832,6.381540423,6.174796114,7.087582142
4882,3.532773089,3.641382758,4.467264038
4905,9.01237451,8.913928324,8.931802274
4952,4.122085124,3.840270492,4.122085124
4952,6.749782435,6.406404277,6.731419147
4953,12.05555356,12.04802028,12.25026661
4967,5.951166898,5.844053486,5.47853685
5033,9.904236151,9.844340163,9.338367771
5034,12.11474479,12.07778356,12.77504383
5034,12.74720935,12.63725427,13.07549395
5034,12.48295931,12.52230991,13.29991901
5048,7.065802967,6.943084688,6.579388456
5048,6.230587519,6.471326819,5.756530521
5048,8.610833241,8.576343928,8.21676482
5049,8.915222726,8.954230133,9.34175979
5049,4.60319092,4.773649347,4.577168316
5051,4.740836783,3.998793957,4.632222746
5096,9.233249632,9.169936461,9.596733588
5106,10.17152583,10.03497811,5.198160394
5130,3.786643392,3.624144968,4.329093339
5130,7.358486072,7.458040098,7.416935013
5141,3.470562875,3.677455048,2.96156778
5143,9.446636159,9.715117876,9.573730595
5147,7.543359698,7.442664113,7.319862557
5147,7.83874513,7.766439485,7.591127619
5150,7.895638374,7.914514331,8.435071974
5150,6.640135967,6.2161561,6.681413909
5151,5.466271337,5.148376437,4.471790991
5151,5.919222276,6.270052955,5.260820734
5151,7.589133796,7.528046402,7.274158948
5160,10.2526565,10.12455974,10.40098855
5160,10.25170701,10.32440898,10.53604047
5162,10.58498104,10.5072337,10.89089333
5162,9.402758069,9.185213354,9.495901115
5167,3.012655598,3.065067937,3.168643366
5198,8.619055483,8.636833191,8.519882349
5209,7.729415687,7.463204746,6.108431389
5210,5.820340181,5.797233791,2.679732375
5211,8.385339392,8.266864485,8.514201667
5211,8.858511666,8.884622858,9.169041317
5213,7.013127285,6.680447558,4.518759997
5214,10.258083,10.2520626,8.70675124
5223,12.62392627,12.66337998,12.55384548
5226,11.3727352,11.38865821,10.81361652
5230,10.09856777,9.873905761,10.15783746
5230,10.99100385,10.94337549,10.57304647
5230,12.64097801,12.66228354,12.28149248
5230,13.47082521,13.43388543,13.35501425
5238,7.354089126,7.352836688,6.841262015
5250,13.27976033,13.32911299,12.75646384
5277,7.243576336,6.948197219,6.948197219
5279,8.350217533,8.202857112,8.981435066
5281,7.794293447,7.618311867,8.115324973
5281,8.596057086,8.76752227,9.374969791
5283,5.333740755,4.916062445,4.59786242
5286,6.915918924,6.282640117,6.344612481
5286,6.252077883,5.793577308,6.243409831
5286,8.17714133,8.072521587,8.192356764
5286,7.078012604,7.356186646,7.12657677
5287,5.076806672,4.674394989,4.266622901
5289,9.695583016,9.613389608,9.801623826
5290,6.534190985,6.220663193,4.822849098
5290,8.708314441,8.395944642,7.660764055
5290,4.935869644,4.919790045,4.31253523
5291,8.860822477,8.878699661,9.704919656
5295,8.364487475,8.137745921,7.651842794
5295,7.678764326,8.105932939,8.766345856
5296,7.215210656,6.734573692,6.494141715
5297,7.918029573,7.567255303,7.880613359
5298,7.102419193,7.178805013,7.658868286
5298,7.497334943,7.425288927,7.83249013
5305,9.632682698,9.392313058,7.943907611
5305,9.235976403,9.164536621,8.168413813
5315,10.52859599,9.971051848,10.69338586
5331,5.350320458,5.658577566,4.985357371
5333,5.186082985,5.646691403,5.191287228
5335,5.266621033,5.536881219,4.672710093
5336,9.580728685,9.682032266,9.688200078
5337,5.253704289,5.401554439,6.323659962
5337,4.614766612,4.382434009,6.278400757
5338,5.544848349,5.907404657,5.936000081
5372,7.146924507,6.855161651,6.808819856
5373,7.231668154,6.946558355,7.681434494
5464,13.06201527,13.06085241,13.16890222
5471,9.527728149,9.625812705,9.922062585
5471,8.759582845,8.677855816,8.489890448
5476,8.573296591,8.265145198,9.927206606
5498,6.055542431,5.775500131,6.029575601
5634,8.30308498,8.501099436,8.014838491
5634,9.131148853,9.17145286,9.75774749
5723,8.446774853,8.53843768,6.088487271
5723,9.008942547,9.109264344,7.489301108
5805,7.824620405,7.701586272,7.377092098
5831,7.470706273,7.490435557,7.057644781
5832,9.891359286,9.52954249,10.73935038
5832,9.154323611,9.098372443,9.702958368
5833,7.361146735,7.112599489,7.502354608
5834,6.870381969,7.044640912,6.605366769
5860,8.316243102,8.136533593,9.61706749
5959,3.2521632,3.2521632,3.458577039
5959,2.493719325,2.595738518,3.007476104
6120,9.377903106,9.316172786,8.91984988
6120,9.646820098,9.772061752,9.733618643
6120,10.10387044,10.04035423,9.850247342
6184,11.36362088,11.26209459,11.66381435
6185,11.50161626,11.33688122,11.71140685
6185,11.58626772,11.5569946,11.90110055
6185,11.8338203,11.75244569,12.07745324
6240,9.847860543,9.745346605,9.070267573
6240,11.17921881,11.29383396,11.1923096
6303,7.453959836,7.422224379,8.630007365
6303,7.992601248,8.320422959,9.961716726
6303,8.742587851,8.749862175,10.32668339
6307,11.17412403,11.05981797,11.21441153
6319,8.506285841,8.310880874,7.546991132
6319,8.493759192,8.38407884,7.287085167
6342,10.74734955,10.63396457,11.34366664
6342,10.65833858,10.46985825,11.18471187
6389,9.05066915,9.161634422,9.184568061
6390,10.95211628,10.99948647,10.56500042
6391,8.201619462,8.405609472,8.696671729
6391,8.766545117,8.831833235,9.404424534
6391,8.279068027,8.571904959,8.914643758
6391,10.36383158,10.34846642,10.94946043
6392,11.25885036,11.09694805,11.75659331
6470,6.285397211,6.072460252,6.157547845
6470,8.324921114,8.18541053,7.974946469
6472,11.54080744,11.72473861,10.40536304
6472,12.30817343,12.30945375,11.25443441
6483,5.28071266,4.562241006,5.667135354
6483,4.030925077,3.158153399,3.803480017
6483,7.448416613,7.525337206,7.448416613
6484,6.911759283,6.027573543,7.728157345
6487,7.120366435,7.075162789,5.262786578
6487,5.270073547,5.323579343,3.339776588
6508,2.5194905,2.898006975,2.900661319
6510,10.97012488,10.88330869,8.851457785
6513,5.75019754,5.836332154,4.691549365
6520,9.962887505,10.00030936,8.706561253
6522,6.369338929,6.220323712,5.983878918
6526,9.049643608,8.732564845,8.692414126
6526,7.807770019,7.75359154,8.424702062
6528,3.912774664,3.698930499,3.640749899
6533,9.108942955,9.232770966,9.038135861
6535,5.4570486,4.246855164,3.287987607
6535,5.289072863,4.853701206,4.3335202
6541,9.104344887,9.059511904,7.846031935
6541,12.03568218,12.04132154,10.86770241
6541,7.347738294,7.301575204,6.49775307
6548,5.193471496,5.005319977,4.40697356
6558,4.021953546,4.136150334,3.669418057
6558,6.648673773,6.536241316,6.020008107
6560,3.649340103,3.286711964,3.286711964
6560,4.818924175,4.535025463,4.461629093
6574,10.00903738,10.03174802,10.34711159
6575,5.297753818,5.712891272,4.810308878
6576,8.308442816,8.431636845,8.259758939
6584,2.638604541,2.637451464,2.805590995
6611,11.29298044,11.33515311,11.91923685
6647,12.1661981,12.1642959,12.57798726
6648,7.275451929,7.427857308,7.700126289
6648,7.471096023,7.188860273,7.685338036
6648,7.1001085,7.091828879,6.864388327
6675,9.410082459,9.152241933,10.20921641
6697,5.227297368,4.839336589,4.011842868
6715,6.276866735,5.510146648,5.067595744
6715,5.55077123,5.157342091,4.64846358
6715,5.902878181,5.296778203,5.136439785
6723,10.58524443,10.54580596,10.73295566
6799,5.615025907,5.995364656,5.596810894
6799,5.923886254,5.918642731,5.825482559
6817,6.692638329,6.237463916,6.296981699
6839,7.269260309,6.677973452,6.829607102
6888,12.41987728,12.22381343,12.92035114
7084,4.973682677,5.021044175,4.045886965
7084,5.657353862,5.393999861,4.966778997
7084,4.180734828,4.563862342,4.569296191
7086,11.52173743,11.74538283,12.23488601
7086,12.17578026,12.21044686,12.92807526
7167,12.46421758,12.42931271,12.46451498
7167,11.72107297,11.71025764,11.6562742
7264,7.339868443,7.068351644,8.801913562
7264,7.755083557,7.161754541,8.512708174
7296,10.05501494,9.865263537,10.52165002
7298,11.45929722,11.46202196,11.37282812
7298,13.29187766,13.32109361,13.48294731
7355,5.473807031,5.987592677,5.804688415
7355,7.876556541,7.921798609,8.263208115
7357,5.204535606,5.029123124,6.136155543
7357,7.804566862,7.11480168,7.974177079
7358,7.753786677,7.491896384,7.811074145
7360,10.53932241,10.54399157,10.91009798
7371,8.472879047,8.539150012,8.534775598
7372,8.271260957,8.305964354,8.651065911
7372,8.605320536,8.528373833,8.861006426
7381,12.42134265,12.36122012,12.90771749
7381,12.30397818,12.42336852,12.93032668
7384,11.35772621,11.39536281,11.11391597
7385,11.1469475,11.0264132,10.86003455
7385,12.01691388,11.9252133,11.91382665
7386,12.71253599,12.58503583,11.86067524
7389,9.022773123,9.120787935,8.623573823
7389,10.32379762,10.4223938,10.18132845
7390,8.690885324,8.340909315,8.962505542
7841,6.777111425,6.466048934,7.078077332
8034,5.670005396,5.35495765,5.498163152
8034,4.303599484,4.052168957,4.587084836
8050,8.982229174,8.734211486,8.437917253
8140,10.85663188,10.87757,8.88011447
8310,5.319950651,4.751441105,5.983882815
8310,4.783711998,3.510766953,3.687326449
8394,2.714082508,2.998141388,4.36315398
8394,4.0649766,4.305794078,4.788861791
8394,6.029379419,6.652594575,7.021048565
8396,5.842350412,5.536981165,5.755759903
8396,7.544382765,7.513813515,7.675997095
8398,5.445356575,5.328603209,5.366154753
8398,2.818361277,2.818361277,2.818361277
8398,4.830320723,5.046994461,4.830320723
8402,6.5284505,6.47411503,6.222614172
8402,7.45815927,7.478436605,7.151872336
8443,10.00944986,9.851705704,9.924644089
8503,5.971509677,5.757073846,6.270131195
8509,6.286138386,6.429622156,6.174540609
8525,9.072601537,8.818673991,8.87132714
8526,6.060539069,6.060457418,5.910847848
8526,4.609232947,4.334229286,4.819825501
8527,7.879224655,7.7475668,7.425432269
8560,8.911013446,8.90054403,10.00465545
8560,9.797354318,9.801799778,10.88639519
8566,7.959758971,7.995723972,7.448631276
8566,7.112552823,7.060301044,7.220967641
8574,8.881274847,8.721401102,8.814532104
8574,9.272943665,9.155596452,8.891848118
8604,6.222933029,6.047078099,5.991530178
8604,7.014948165,6.926627922,7.170578189
8659,3.750857367,3.466291712,4.411884547
8659,3.052376034,3.031880781,3.481039377
8693,5.36744334,5.512468881,5.448191437
8694,5.835887614,5.388715943,6.946617506
8703,8.132139836,7.968157874,7.551414548
8704,5.384041058,5.332841432,5.375443296
8705,3.020878556,3.096758006,2.973675821
8733,8.469446458,8.655058543,9.474832828
8733,7.89043609,8.06236093,8.670463523
8733,8.491597883,8.687122531,9.321427291
8760,5.134982421,5.349557933,5.971853454
8760,5.422880868,5.149065527,6.459029432
8790,6.842622491,6.790377805,7.083872461
8801,9.452092843,9.452006068,9.604291181
8801,9.083731079,9.269540284,9.308371512
8801,9.447382341,9.461400092,9.72278162
8802,10.96371769,10.95282126,10.57793256
8803,10.91940826,10.71445325,10.41316294
8813,12.13448735,12.01686629,11.78073225
8818,7.297375498,7.122309464,7.236283546
8824,7.508173546,7.06192228,6.5039212
8824,9.067194821,8.897444916,8.552542633
8824,8.208200354,7.937916566,7.411243742
8833,11.03639978,10.99738006,10.41176712
8836,9.02788938,9.007837231,9.947170183
8867,6.883514154,6.704301218,7.523644763
8871,7.015964123,6.907627823,5.788067406
8871,6.673888582,6.647950871,4.60561393
8879,5.215426635,4.022090564,3.879861758
8879,6.667264147,6.018116973,6.339089393
8884,7.950005739,7.85185471,8.393239584
8897,4.99387931,5.127513818,6.164898636
8897,4.958421506,4.339738152,5.474305534
8897,3.752458055,3.780495531,3.919328121
8985,8.147219326,8.065991338,7.792883206
8992,9.635159501,9.710574736,10.4617335
8992,10.84759855,10.80043868,11.39594099
8992,10.51704618,10.49743762,11.2798369
9016,5.515236299,5.671428674,4.809225383
9016,7.093223196,6.897042786,6.146649751
9057,8.547150873,8.078614017,8.06443952
9057,8.865385423,8.794076527,8.637037594
9057,6.662368929,6.616837477,6.512277225
9061,9.562264781,9.530314517,9.716797768
9091,4.352433235,4.666650196,4.352433235
9114,10.62042389,10.53857929,10.17974642
9167,11.3183462,11.22208118,10.91910035
9187,6.51027883,6.303913624,5.75113291
9197,7.904407489,7.881877574,7.965033971
9197,8.185857841,8.417279294,8.706586662
9197,8.350172844,7.79864018,8.260656077
9296,10.50838951,10.47983909,10.4288747
9334,8.189269214,7.340007279,9.521095357
9334,9.986622125,9.751304633,11.45443713
9377,4.988106694,4.759380292,5.468084095
9377,13.42511239,13.34476677,13.22316854
9380,8.539742966,8.287223085,8.539742966
9380,8.772369674,8.59557864,8.704332573
9380,9.13260669,9.063135649,9.07311838
9394,8.26958191,7.692425801,7.430015208
9453,8.469164718,8.392825152,8.387380113
9488,8.29269818,8.239925223,8.446709406
9488,6.294166855,6.172447045,6.216580683
9489,8.017250326,7.734196614,8.428759388
9497,8.415801029,8.493841187,8.365540699
9497,6.927002867,7.453107752,7.015777847
9517,7.19892667,6.741812836,6.183633464
9517,5.941637416,5.76490749,5.74952623
9517,6.724076729,6.221628428,6.024726302
9517,5.914683802,5.80906171,5.667255879
9550,5.481116862,5.450800097,5.820256452
9550,10.2459715,10.27179748,10.42271483
9551,11.91084914,11.87828289,12.02518465
9563,6.458252361,5.994699507,5.477262371
9563,5.729470463,5.546338487,5.394651626
9583,7.438422951,7.123817472,8.502865076
9653,6.582325687,6.600333574,7.371495911
9653,8.351187805,8.012788059,8.469174296
9653,7.834878012,7.708324099,7.881466617
9789,4.461424838,4.858383547,3.960289614
9807,6.385349323,6.386515293,6.186811195
9869,6.419734936,6.075234987,5.610519557
9869,7.732343973,7.567384884,7.624908109
9962,5.649839961,5.389476758,5.880948514
9990,7.126096358,7.724304623,7.157974461
10005,7.962966971,7.812132358,7.834012982
10007,9.072504092,8.995480252,9.868689432
10026,8.407045884,8.381188976,9.190691337
10026,8.730176163,8.459670457,9.036895052
10057,4.255384459,3.953120316,4.539705029
10057,5.618795911,5.5711696,5.979901175
10087,4.907304204,4.163395239,4.69376696
10087,7.882412947,7.618790457,7.188729281
10087,7.177405479,7.308778845,6.686401373
10087,6.893273368,7.038248043,6.611500443
10165,7.649414213,7.681228324,7.44922489
10165,4.868052146,4.633112812,4.418383345
10166,8.246867457,8.277207707,7.470913331
10195,9.7965408,9.614832767,9.976970015
10201,6.530106704,5.984589568,6.597184014
10229,6.415802318,6.434607947,5.741181261
10229,6.110416076,6.74378931,6.453969861
10327,9.113647679,8.971961754,9.612736215
10380,5.779548723,5.418352001,6.814789049
10390,8.557186197,8.461491138,9.017040552
10400,7.320885448,7.45318914,7.003670983
10423,10.27970896,10.23362289,10.57720929
10476,12.44884745,12.4718043,12.5119006
10554,6.156779182,5.8169871,5.49620456
10554,7.259877946,6.452682152,6.750570095
10555,7.456811727,7.36202752,7.991029336
10555,6.405701706,6.621788244,6.951038836
10558,7.623178978,7.291668693,7.567651334
10558,10.19094684,10.09644518,10.23809307
10559,8.991664267,9.07844787,9.830155298
10587,6.243928337,6.79936083,6.141789559
10588,5.424948638,6.308859138,6.45318799
10606,11.30717571,11.38910916,10.9463975
10606,12.07233884,11.93599558,11.79733176
10632,10.63013245,10.78247711,10.36793452
10632,11.97360953,12.11685468,12.21143227
10632,12.7231432,12.71424994,12.91122304
10632,12.73516189,12.81220031,12.92041977
10654,7.379995598,7.512814263,7.968184952
10723,7.350675775,7.525751687,7.434264681
10768,7.836501883,7.684915126,7.659272861
10768,7.986477513,7.780476481,7.904650446
10768,9.975805528,9.963008802,9.334914491
10797,8.546422461,8.606644776,6.530684698
10797,12.92282592,12.82147254,11.86155582
10840,4.438497807,4.0844494,4.0844494
10905,4.927162995,4.605035805,5.293421874
10905,4.916753604,4.20256625,4.890479588
10919,8.591799411,8.628788951,8.304845204
10935,11.91032234,11.94682288,11.82815806
10948,5.292369057,5.434518626,5.336323903
10975,10.98262087,11.01006796,11.51793344
10998,6.586085761,6.769125914,6.357363276
10999,4.2612786,5.395424936,5.913511318
11000,4.276166802,4.08443988,3.90151524
11041,5.386469711,5.439190417,6.177022642
11112,7.461015746,7.209174656,7.230527162
11112,8.108310271,7.930989376,8.149103443
11164,10.91201658,10.65800805,9.27717136
11212,7.223831678,7.120310955,8.060316888
11212,8.450386827,8.151292613,9.346046707
11212,9.42997819,9.256182761,10.24391619
11253,6.523206327,6.618531716,6.872870738
11253,6.388958144,6.211956551,6.74229123
11285,5.676132456,5.817742886,6.161795152
11285,5.644359079,5.624762328,5.822825575
22856,10.99597377,11.20201867,11.26437255
22928,11.51722244,11.32292557,11.22714618
22929,8.104961872,7.846035882,6.610363361
22929,8.914439495,8.941501744,7.785344319
22929,8.521638977,8.413905793,7.184885238
22934,9.568990904,9.625023338,9.843859214
22978,9.997047335,10.13290656,10.72150418
23169,7.204339411,7.179754618,7.28126842
23169,4.963871004,4.78423863,5.355643717
23315,3.520663274,3.315355996,3.772779672
23382,4.552241088,4.404584644,4.304620893
23396,5.969760078,5.119668413,4.729771167
23417,6.765857292,6.732183912,6.771126957
23443,7.316708943,7.228220777,8.360161393
23443,5.35765037,5.77645514,6.927603891
23443,8.373413118,8.220274765,8.947178792
23464,8.119802324,8.017423575,7.818749847
23464,6.682063929,6.543965307,6.233191938
23478,10.97328356,10.99230053,10.91089224
23478,11.79707834,11.86260682,11.90821196
23483,9.771254907,9.847113885,9.053461929
23545,6.335776266,6.317564345,6.218490084
23545,6.381771907,6.096018159,6.974109159
23556,7.290839512,6.782448643,8.061556974
23556,7.233576213,6.866326506,8.444353114
23657,8.573812211,8.248429687,7.623600128
23657,8.651573106,8.533831875,7.708396173
23761,7.027216605,7.255030555,7.16778146
25796,9.697192127,9.45192695,9.236626234
25796,9.838033769,9.778543419,9.441340861
25902,10.69418388,10.52817962,8.810834245
26035,4.026754338,4.018222872,4.113266794
26229,4.630637053,4.539115548,5.757448109
26229,6.295153847,5.736068385,6.340183716
26275,7.784071817,7.766527695,7.614695065
26275,8.188781803,8.067628208,8.193120594
26503,4.938248005,4.502106944,4.532146564
26503,7.246754629,7.025709272,6.786117213
27034,7.113889128,6.952330636,7.041459578
27068,10.75241875,10.80958572,10.94277778
27068,10.75001778,10.745142,10.83563995
27089,10.89127196,10.85507288,11.11502508
27232,2.293822609,2.29772837,2.286398394
27235,8.671036104,8.66060347,8.958730106
27349,7.76797039,7.911772729,8.084485595
27430,11.24285931,11.24147508,10.70878801
28232,4.884569235,4.896032407,5.315135343
28232,5.520706702,5.459619593,5.135154486
28972,11.50491183,11.45016794,11.85067567
28976,8.661153882,8.642065898,8.596734936
29796,6.432774326,5.996236656,6.653289753
29796,11.91893383,11.79113002,11.98390329
29880,11.12837421,11.10100544,10.79137592
29920,8.152728205,8.1325794,8.060217402
29920,9.408558016,9.189762212,9.149020691
29925,3.560441894,4.140203139,4.572332435
29925,6.531134035,6.252822455,7.895068593
29926,7.153471273,6.775458393,7.551521792
29929,7.224521691,7.002005764,7.802707194
29988,3.953143712,4.026982155,4.167574085
30833,3.858223991,3.597474245,2.960347739
30833,6.126086034,5.945883538,6.349468742
50808,6.915528246,7.20723734,7.603294408
50808,10.68191678,10.47021382,9.835640021
50814,7.882205034,7.440855611,7.290294524
50814,7.698501988,7.551972735,7.732816317
51005,3.849969229,4.143025545,4.026154832
51022,10.37773429,10.40243977,9.22451552
51109,7.731770967,7.489622569,6.476818371
51109,8.500184771,8.141616715,7.146322055
51166,3.740542408,4.24780375,4.24780375
51181,9.281146778,9.27691724,9.992517189
51227,10.05386431,9.890419078,10.01750315
51251,9.917827748,9.828197215,9.172360239
51292,9.178145468,9.150859947,8.87913831
51380,5.052427064,4.670509215,5.154113106
51382,7.961606671,7.688294924,7.41432493
51382,7.704223547,7.215004876,7.399377473
51447,6.489795763,6.462876937,5.358662509
51477,3.82747494,3.723134928,4.103990288
51478,9.107987602,9.063672208,9.395086049
51604,9.199869562,9.404252021,9.195775653
51606,8.236238636,8.172089362,8.438797087
51727,11.43257102,11.29285142,11.58292552
51727,10.39568379,10.14804954,10.38569301
53343,7.601579492,7.39372592,8.082282326
53354,6.775589894,6.943172763,7.584673747
54187,10.11644948,9.979143212,10.5018351
54344,6.882860561,6.988843268,7.826027172
54407,11.63624047,11.65577558,10.6093545
54407,11.77796007,11.69615291,10.64096232
54407,12.48871527,12.52574686,11.52054038
54480,6.822645625,6.485704413,6.983268115
54480,6.822857629,6.642720476,7.356549274
54675,8.465750764,8.454291222,8.69229497
54675,9.380130503,9.438706563,9.740954506
54677,4.248655129,4.21286862,4.993254911
54872,7.848733143,7.667973736,8.362006271
54965,7.224679773,7.004912,7.811421904
54965,8.500133059,8.170889583,9.455715568
55276,8.637708218,8.417733723,8.332985848
55276,9.044983702,8.895478346,9.249015871
55276,10.80170028,10.88536049,10.96104914
55312,8.352236778,8.360043211,8.480771051
55312,9.075839527,9.312379642,9.806362217
55326,8.381618188,8.431075164,9.268318837
55326,9.970649483,10.16218821,11.45973597
55343,3.76923141,3.110294949,3.110294949
55343,5.709094563,5.25430115,6.234351857
55361,4.954518686,4.993527606,3.318172352
55361,3.131923367,3.868060533,2.756426762
55361,2.346180084,2.346180084,2.92711146
55454,8.320709374,8.477363437,9.276969222
55500,7.418810865,7.588574501,7.498892596
55500,6.530426545,6.053801751,6.596471425
55500,5.101825271,5.249536018,5.055094086
55501,7.844674204,7.617644686,8.458765895
55577,8.064624792,8.26222761,7.988416498
55650,6.287795899,6.227169521,7.241642809
55650,7.163025488,7.516264607,8.238569304
55902,8.586909416,8.368608295,7.666650684
55907,8.572295389,8.32006,8.178234353
55967,12.159605,12.01897295,12.14516829
56052,7.050854624,6.975294957,7.036846857
56623,6.613845664,6.824506268,7.163601553
56922,8.741170703,8.534490124,8.500011838
57171,6.818552812,6.757434361,6.864829808
57665,8.355621741,8.348743368,8.693191367
57678,4.281193409,3.625523619,6.463981798
57678,6.30315195,5.8643549,6.793017112
58508,8.704371478,8.483588017,8.55856325
58508,10.05216055,10.04441727,9.926009235
60386,7.992332434,7.831391698,8.668479719
60490,6.297322514,6.125654159,5.7206237
60559,8.1279336,8.084957052,8.560554699
60559,8.356973017,8.271905155,8.51738593
60559,11.13374546,11.1387188,11.30219024
64080,3.670847852,3.903826818,2.945910754
64080,4.994958163,4.684544013,4.25642589
64772,5.543538341,5.354354093,6.197448215
64772,6.232107205,6.179328179,6.367657428
64781,7.222953104,6.674151135,7.215186694
64802,5.486603114,4.198812051,5.329249918
64841,8.014931907,7.951960808,8.622185675
65010,5.665088266,5.289303639,4.76779863
65220,6.302643066,6.062978873,6.611514801
65220,8.974735431,8.849147386,9.616920598
65220,7.517661862,7.544596618,8.043406967
65220,5.533985157,5.653679338,6.087795141
65220,8.172372019,7.933080884,8.776407621
65263,2.286398394,2.437985179,2.724991093
65985,6.693401279,6.29178852,6.547009412
79053,8.789047791,8.764566416,9.104747945
79087,5.913852794,5.674252401,5.664999139
79178,5.118148499,5.214212758,6.748195554
79369,3.076572881,2.966012835,3.076572881
79586,4.774509566,4.621872975,4.87314216
79646,10.78355517,10.81290691,10.48179799
79717,8.476202642,8.34777856,8.971025115
79723,8.292386206,8.328635537,7.808955394
79751,6.432814529,6.488245883,6.23741396
79813,8.218167012,7.765661016,8.883909878
79837,6.17656916,6.150622687,6.244938489
80025,8.765856937,8.654700171,8.843446323
80055,5.784458708,5.623253086,6.319129679
80055,4.065503149,3.846289076,3.605781643
80055,2.98119924,3.645126679,3.990599442
80055,3.989236551,4.478589182,3.361256937
80142,7.715093486,7.617241476,7.681242798
80146,8.363004267,8.049383419,9.127493298
80146,7.671414244,7.389602076,8.393945378
80235,3.153389078,3.00132593,3.018862547
80271,4.700933846,4.710155325,4.618223357
80308,7.794306229,7.582954225,7.439099705
80308,7.561732722,7.383823383,7.267290408
80347,9.245158426,9.077253751,9.250079117
80724,3.586079945,3.521445026,4.272225772
80724,4.12188475,3.626063088,4.623952816
80854,10.0060729,9.901644492,8.589359078
81490,5.943794435,5.368867936,6.090792685
81537,4.443162478,3.02752551,5.645797798
81537,5.57154124,4.828892565,7.485559329
81579,5.94045965,6.224777654,6.510892053
81579,6.324080195,5.937391223,6.164343417
81579,6.009166365,5.87661555,5.84173288
81579,5.829593696,5.832611013,6.952796769
83549,5.628294848,5.674532043,6.004894869
83549,4.98149529,4.916766509,4.935199001
83852,8.724086066,8.518551164,9.079660791
83852,8.089180214,8.017709062,8.631756045
84264,7.172960706,7.238899594,7.717827128
84444,6.101721598,5.042975338,4.164036551
84444,6.543171351,6.318652406,6.00910491
84693,7.91394605,7.7179511,7.830584433
84706,9.144002195,8.980527205,7.446970751
84720,6.677244289,6.135240041,6.135240041
84720,4.537352921,4.164984334,3.928330549
84920,5.641413024,5.743266848,6.721499282
84920,3.230005731,2.465023829,2.702571538
85365,9.057994292,9.160183881,9.474542745
90423,3.984996369,3.828251476,4.046122063
90701,10.07630328,9.808881176,10.46433366
91373,4.115379761,3.850494604,2.867841905
91734,6.245728751,5.542247723,4.931857457
92579,6.494007891,6.386971472,6.748057341
92579,8.872636982,8.659268474,8.757291957
93183,7.876137887,7.873160921,8.056125572
93183,5.662371383,5.519335241,5.607331626
94005,8.046585156,7.759837238,7.311586878
112611,2.994103867,3.455067197,3.205731295
112724,6.627451483,6.80952029,6.431375371
112724,6.886199957,6.943954079,6.514805624
112724,6.600384405,5.999384337,5.441161781
113026,3.753270158,3.753270158,3.17648608
113026,5.497785164,5.497785164,5.654332544
113189,4.628634442,4.631031909,5.053434589
113235,2.784910219,3.272537709,3.566122072
113235,3.110804367,3.246425178,2.729138991
115286,7.821159133,7.865401696,7.988359404
118881,5.603527223,5.823948962,4.948894292
124583,5.437883405,5.101183135,5.212052411
124583,7.78525262,7.544961111,7.551676511
124583,7.195900618,7.235454951,7.380724991
124935,5.465045881,5.583204045,5.236403456
126328,11.27612048,11.32667837,10.99055489
126328,11.14997431,11.10870557,10.93865034
126792,7.249247726,7.133240938,6.969731365
126792,7.896549876,7.900978254,8.049565448
128869,7.62450194,7.468930496,8.165662533
132789,5.270886948,5.256001454,6.064784411
137964,6.234471296,6.455612211,7.221446974
157506,6.327132954,6.598679443,6.331773663
157506,5.651370119,5.81280038,5.435807483
157506,4.010727947,4.966682823,3.870209452
166785,4.264757676,4.217096677,4.043149409
166785,4.059037086,2.97840405,3.178832472
171425,6.58295274,6.775317516,6.278148442
197258,6.105015184,6.05011095,5.797753118
200576,9.2498564,9.134193061,9.281937012
206358,7.006038238,6.576257174,7.555727046
253430,6.426811575,6.449826691,7.096474926
259230,5.508908942,5.40114701,5.968723078
284098,7.693345036,7.824757149,8.578081611
284273,9.280280764,9.257730806,9.630561569
284273,9.415516625,9.371099751,9.935690585
284273,8.574703186,8.979213393,8.98470847
284273,7.591953288,7.638788611,8.001773259
284273,8.408265117,8.419182538,8.619728349
347734,8.365777415,8.301340793,8.687915484
349565,3.116079457,3.115484283,4.342377625
374291,9.888502565,9.829756162,9.11422067
387893,7.581548134,7.348398705,7.414783552
387893,6.668257034,5.956868107,6.529380576
387893,5.678864784,5.229700368,5.35938052
37,9.074378457,9.134316015,8.873756197
215,5.567293642,5.411849963,4.991422939
1267,7.101718562,7.03840075,7.014145923
1622,11.6208328,11.64904692,12.03489576
1622,10.61706982,10.7308839,11.05302474
1666,8.731529099,8.471737812,7.540036055
1727,7.881456988,7.671722898,7.842267783
1727,8.709454744,8.726982635,9.379198646
2495,11.67519357,11.60765889,11.03889929
2495,8.519972156,8.311234986,6.582277811
2509,11.03843347,11.23388104,10.6900018
3550,10.54457996,10.3355555,9.471973463
5184,6.650744652,6.648030639,6.237760157
5538,10.78003427,10.83322113,11.8422365
5825,8.356334746,7.95386758,7.028948598
5825,9.840794443,9.780637745,9.132104908
6173,14.65705253,14.64672956,14.72898062
6901,4.93036881,5.036755886,5.110010808
6901,4.87233493,4.704604933,4.748128035
8260,9.704304157,9.540795067,9.458962639
8479,8.339877068,8.0678293,8.583951209
8776,7.957150256,7.845202198,7.946747927
8776,8.100535876,7.954869905,8.387845465
8883,11.46733629,11.36743725,11.0669018
8898,8.971944109,8.862605911,9.316976223
8898,7.812897209,7.622605665,7.606774413
9045,14.01698406,14.06928965,13.91791107
9045,14.4965185,14.45700621,14.56276869
9107,9.299054776,9.364970798,8.345446178
9374,4.485911435,4.847366082,4.44009909
9588,11.4297121,11.38771077,11.73291931
9588,10.49098994,10.51634006,10.88283476
9926,4.896898203,5.477786169,6.099936256
9926,9.394016322,9.278408972,8.793145738
9926,6.252447397,6.311321185,5.817630107
10728,13.37895191,13.36758312,13.34118764
11332,8.543842641,8.371323497,8.186816649
11332,6.760137559,6.09132601,6.318610202
23517,10.51802281,10.5023286,9.80249961
23517,9.143851235,9.183427804,8.439594046
25841,4.512042148,3.962724465,4.489339754
26061,8.751793215,8.792755965,8.528279441
26063,7.583875498,7.28703746,7.52513878
29085,9.64018947,9.38368365,10.28361467
50484,7.038206567,6.979133176,7.521665106
51095,7.751432014,7.857309237,7.876888067
51095,9.637360638,9.621749317,9.552764322
51102,7.173184876,7.053422422,6.763016175
51529,10.57177323,10.58893393,11.4431009
51550,6.282503378,6.256035079,6.459269473
51706,7.318862385,6.984065193,7.959156347
54539,11.51835903,11.51463966,11.62807586
54963,7.763366369,7.539953762,7.725561498
54995,7.508600733,7.137958765,7.917591047
55748,9.337189268,9.395631673,10.1053444
55825,2.951816495,2.951816495,3.099779296
57486,6.555639371,6.028774329,6.369351277
57486,6.98926629,6.734261574,7.061153729
57786,8.149915855,7.815165863,8.218135315
57786,5.614543669,5.371621816,5.663524121
64834,8.736806484,8.680749841,9.275391345
64834,8.578087424,8.532422401,9.446771389
64840,4.165749405,3.714229023,3.633862673
79017,11.72256292,11.73324072,11.5833796
79143,7.828257674,7.795614185,7.965455022
84105,6.289438819,6.421628604,6.097965399
84105,5.276368603,5.167097533,4.593642752
84343,8.123834533,7.87786285,7.934585577
84343,5.963471982,5.683970283,5.517956527
84890,8.272683767,8.357475021,8.456839215
84890,9.034026601,8.972045535,8.861723764
114799,4.512585583,4.740667482,6.786346786
114799,6.338514209,6.269348818,7.637275993
121260,7.206245036,7.144901918,7.880276278
121260,7.381334162,7.106420389,8.753436053
146712,8.897669545,8.731767293,8.727903108
373156,9.853440268,9.644883857,9.818711546
375056,6.853169384,6.802110341,6.8495402
375056,7.857323398,7.756847507,7.834259526
441024,4.23929883,4.497771093,4.241486141
441024,6.57971411,6.506614084,7.087351444
641649,4.883174487,4.563273074,3.914975764